{"__type__":"dragonBones.DragonBonesAsset","_name":"dezhou_ske","_dragonBonesJson":"{\"armature\":[{\"aabb\":{\"width\":211,\"y\":-198.70498829606353,\"height\":377.9192740103492,\"x\":-104},\"ik\":[],\"skin\":[{\"name\":\"\",\"slot\":[{\"display\":[{\"path\":\"德州扑克/筹码2\",\"type\":\"image\",\"name\":\"德州扑克/筹码2\",\"transform\":{\"y\":3,\"x\":-1.4}}],\"name\":\"筹码2\"},{\"display\":[{\"path\":\"德州扑克/牌5\",\"type\":\"image\",\"name\":\"德州扑克/牌5\",\"transform\":{\"y\":3.65,\"x\":-4.7}}],\"name\":\"牌5\"},{\"display\":[{\"triangles\":[0,43,40,55,56,16,33,55,36,55,16,36,16,23,36,27,28,25,23,24,25,36,23,25,28,29,25,40,38,1,0,40,1,38,39,1,39,35,1,35,36,1,36,25,1,32,83,3,29,32,3,25,29,3,1,25,3,0,44,43,24,26,25,26,27,25,37,51,55,19,83,32,37,55,33,35,33,36,28,31,29,31,32,29,23,26,24,27,30,28,17,26,23,16,17,23,30,31,28,56,57,16,17,18,26,22,27,26,39,33,35,37,33,39,38,37,39,21,30,27,22,21,27,18,22,26,43,41,40,58,51,37,42,58,37,40,34,38,34,37,38,20,31,30,57,17,16,21,20,30,52,56,55,18,21,22,57,54,17,54,18,17,19,32,31,20,19,31,51,52,55,18,61,21,61,20,21,56,53,57,53,54,57,61,19,20,54,61,18,41,58,42,52,53,56,34,42,37,82,83,19,61,77,19,40,42,34,41,64,58,59,53,52,77,81,19,81,82,19,58,52,51,59,60,54,59,54,53,58,59,52,40,41,42,60,61,54,67,77,61,47,64,41,64,62,58,62,59,58,62,60,59,48,68,64,47,48,64,62,63,60,43,47,41,63,61,60,63,66,61,66,67,61,65,63,62,64,65,62,65,66,63,68,65,64,76,77,67,73,71,68,48,73,68,69,66,65,68,69,65,71,69,68,69,67,66,80,81,77,70,75,67,75,76,67,69,72,67,72,70,67,71,73,69,73,72,69,76,79,77,79,80,77,48,10,73,73,78,72,78,74,72,72,74,70,74,75,70,4,2,83,0,45,44,49,10,48,10,78,73,75,79,76,74,9,75,9,79,75,78,9,74,9,11,79,11,8,79,44,47,43,44,46,47,49,48,47,46,49,47,10,9,78,8,7,80,8,80,79,6,82,81,7,6,81,80,7,81,50,11,10,49,50,10,11,9,10,6,83,82,50,15,11,11,12,8,6,5,83,15,12,11,13,7,8,5,4,83,45,46,44,0,15,50,12,13,8,14,6,7,13,14,7,45,50,46,14,13,12,15,14,12,46,50,49,14,5,6,14,15,5,15,4,5,45,0,50,15,2,4,0,2,15],\"width\":85,\"type\":\"mesh\",\"vertices\":[-42.5,-44,42.5,-44,-42.5,44,42.5,44,-37.1,42.15,-33.1,39.3,-29.2,34.85,-26.2,28.55,-24.5,21.55,-22.75,10.65,-21.6,-0.8,-26.8,13.95,-29.65,19.1,-32.8,23.95,-36.5,27.55,-40.65,30.25,30.35,6.35,28.95,12.95,26.8,18.1,21.35,37,24.65,33.15,27.2,27.4,28.95,21.4,34.1,12.95,36.25,18.8,39.65,22.95,32.65,20.25,33.35,26.25,35.35,31.4,36.25,36.15,30.2,30.15,28.95,35.15,27.05,41.3,31.95,-32,23.2,-38.6,34.65,-35.05,35.95,-31.15,25.65,-33,28.5,-41.15,32.2,-39.9,17.05,-40.75,12.75,-38.3,20.2,-35.85,-16.2,-38.15,-24.2,-38.6,-36.4,-39.3,-28.2,-35.45,-17.35,-33,-19.75,-28,-28.35,-30.3,-33.4,-34.7,21.6,-9.95,20.75,-4.5,20.9,0.65,19.75,5.65,26.35,-9.4,26.5,-1.2,26.35,4.25,14.9,-9.25,14.3,-1.95,11.45,3.25,8,7.8,7.7,-5.5,5.85,4.25,3.3,-7.25,-0.75,2.35,-1.6,6.1,-4.45,10.95,-4.75,-5.95,-7.9,1.95,-11.05,8.95,-9.05,-3.8,-11.05,4.5,-14.75,-3.8,-15.2,9.65,-14.6,13.8,-13.45,18.1,-9.2,23.7,-18.35,3.65,-19.2,21.7,-18.9,28.15,-19.2,33.85,-21.5,39.3,-23.65,44],\"transform\":{\"y\":19.35,\"x\":-3.4},\"uvs\":[0,0,1,0,0,1,1,1,0.06353,0.97898,0.11059,0.94659,0.15647,0.89602,0.19176,0.82443,0.21176,0.74489,0.23235,0.62102,0.24588,0.49091,0.18471,0.65852,0.15118,0.71705,0.11412,0.77216,0.07059,0.81307,0.02176,0.84375,0.85706,0.57216,0.84059,0.64716,0.81529,0.70568,0.75118,0.92045,0.79,0.8767,0.82,0.81136,0.84059,0.74318,0.90118,0.64716,0.92647,0.71364,0.96647,0.7608,0.88412,0.73011,0.89235,0.7983,0.91588,0.85682,0.92647,0.9108,0.85529,0.84261,0.84059,0.89943,0.81824,0.96932,0.87588,0.13636,0.77294,0.06136,0.90765,0.1017,0.92294,0.14602,0.80176,0.125,0.83529,0.03239,0.87882,0.04659,0.70059,0.03693,0.65,0.06477,0.73765,0.09261,0.30941,0.06648,0.21529,0.06136,0.07176,0.05341,0.16824,0.09716,0.29588,0.125,0.26765,0.18182,0.16647,0.15568,0.10706,0.10568,0.75412,0.38693,0.74412,0.44886,0.74588,0.50739,0.73235,0.5642,0.81,0.39318,0.81176,0.48636,0.81,0.5483,0.67529,0.39489,0.66824,0.47784,0.63471,0.53693,0.59412,0.58864,0.59059,0.4375,0.56882,0.5483,0.53882,0.41761,0.49118,0.5267,0.48118,0.56932,0.44765,0.62443,0.44412,0.43239,0.40706,0.52216,0.37,0.6017,0.39353,0.45682,0.37,0.55114,0.32647,0.45682,0.32118,0.60966,0.32824,0.65682,0.34176,0.70568,0.39176,0.76932,0.28412,0.54148,0.27412,0.74659,0.27765,0.81989,0.27412,0.88466,0.24706,0.94659,0.22176,1],\"path\":\"德州扑克/头发\",\"height\":88,\"name\":\"德州扑克/头发\",\"edges\":[0,1,1,3,2,0,3,83,83,2],\"userEdges\":[69,72,75,76]}],\"name\":\"头发\"},{\"display\":[{\"path\":\"德州扑克/眼睛_\",\"type\":\"image\",\"name\":\"德州扑克/眼睛_\",\"transform\":{\"y\":-1.95,\"x\":8.9}}],\"name\":\"眼睛_\"},{\"display\":[{\"path\":\"德州扑克/闭眼\",\"type\":\"image\",\"name\":\"德州扑克/闭眼\",\"transform\":{\"y\":-1.45,\"x\":9}}],\"name\":\"闭眼\"},{\"display\":[{\"triangles\":[74,60,73,60,58,73,78,77,82,77,71,81,82,77,81,85,84,1,0,85,1,84,81,1,81,71,1,71,72,1,56,55,3,55,2,3,57,56,3,58,57,3,73,58,3,72,73,3,1,72,3,79,78,83,83,78,82,80,82,81,84,80,81,64,66,63,78,65,77,80,83,82,62,73,72,63,62,72,77,64,71,63,72,71,64,63,71,54,2,55,65,64,77,80,86,83,62,74,73,85,80,84,75,60,74,61,74,62,67,62,63,66,67,63,67,68,62,65,23,64,23,66,64,75,59,60,21,23,65,86,79,83,68,61,62,21,65,78,79,21,78,22,67,66,23,22,66,22,68,67,69,61,68,19,21,79,61,75,74,7,19,79,86,7,79,85,86,80,9,7,86,22,24,68,24,69,68,69,76,61,76,75,61,43,59,75,70,76,69,21,6,23,6,22,23,46,57,58,6,5,22,5,24,22,19,6,21,24,14,69,14,70,69,46,58,60,59,46,60,5,14,24,32,9,86,6,18,5,18,14,5,38,2,54,59,45,46,45,56,46,46,56,57,7,18,6,76,41,75,41,43,75,7,6,19,20,18,7,42,76,70,0,25,86,43,45,59,0,86,85,17,70,14,18,17,14,25,32,86,43,44,45,12,17,18,42,41,76,17,42,70,16,42,17,9,20,7,45,55,56,32,11,9,12,16,17,20,12,18,47,44,43,44,55,45,8,12,20,9,8,20,16,13,42,13,41,42,4,16,12,8,4,12,48,47,43,13,43,41,4,13,16,13,49,43,49,48,43,53,38,54,10,13,4,10,4,8,9,10,8,50,49,13,11,10,9,47,55,44,15,50,13,10,15,13,47,54,55,11,15,10,36,2,38,29,50,15,32,15,11,48,54,47,31,29,15,32,31,15,48,53,54,39,51,50,29,39,50,52,38,53,49,53,48,28,39,29,52,53,49,50,52,49,33,39,28,39,40,51,51,52,50,25,31,32,51,38,52,0,26,25,25,30,31,30,29,31,40,38,51,26,30,25,40,37,38,30,26,29,26,28,29,35,2,36,33,34,39,39,37,40,37,36,38,35,37,39,0,27,26,26,27,28,27,33,28,35,36,37,34,35,39,0,34,27,27,34,33,0,35,34],\"width\":160,\"type\":\"mesh\",\"vertices\":[-80,-170.5,80,-170.5,-80,170.5,80,170.5,5.1,-73.75,27.65,-73.9,25.55,-79.65,19.6,-86.15,4.55,-79.85,3.75,-84.6,-2.35,-75.65,-9.6,-80.8,12.55,-73.15,-0.65,-62.85,23.25,-67.25,-10.95,-71.45,9.1,-65.9,17.5,-65.7,17.5,-76.2,25.15,-85.4,15.05,-80.8,32.4,-85.75,32.4,-74.7,34.3,-80.05,29.55,-68.95,-47.4,-100.85,-62.9,-84.8,-69.75,-70.1,-60.8,-75.25,-50.85,-81.95,-53.5,-88.8,-42.65,-89.95,-35.75,-93.4,-66.5,-67.05,-74.55,-55.95,-80,-39.15,-76.05,-31.9,-65.95,-31.55,-57.55,-23.7,-63.45,-48.15,-57.35,-38.8,9.7,-48.7,13.35,-54.25,7.05,-38.6,3.6,-7.45,13.15,-8.05,25.75,-10.35,-10.35,-12.05,-19.3,-21,-28.1,-27.7,-37.65,-35.9,-45.45,-35.55,-40.5,-23.5,-27.5,-15.65,-16.05,-7.65,1.1,-0.95,19.45,-0.8,26.15,-4.6,31.1,-11.45,24.4,-17.95,31.1,-16.45,36.25,-56.9,46.2,-61.5,49.45,-69.7,48.1,-81.55,44.85,-90.55,43.3,-76.4,41.6,-70.85,37.6,-67.05,31.5,-64,21.35,-62.65,54.2,-81.55,54,-67.6,50.75,-58.25,40.85,-47.95,25.35,-47,22.15,-51,52.5,-89,44.1,-96.45,39.1,-104.65,39.5,-149.85,62.85,-137.5,54.75,-129.4,45.65,-124.85,50.5,-164.5,23.9,-163.5,23.25,-137.85],\"transform\":{\"y\":44.45,\"x\":2},\"uvs\":[0,0,1,0,0,1,1,1,0.53187,0.28372,0.67281,0.28328,0.65969,0.26642,0.6225,0.24736,0.52844,0.26584,0.52344,0.25191,0.48531,0.27815,0.44,0.26305,0.57844,0.28548,0.49594,0.31569,0.64531,0.30279,0.43156,0.29047,0.55688,0.30674,0.60938,0.30733,0.60938,0.27654,0.65719,0.24956,0.59406,0.26305,0.7025,0.24853,0.7025,0.28094,0.71437,0.26525,0.68469,0.2978,0.20375,0.20425,0.10687,0.25132,0.06406,0.29443,0.12,0.27933,0.18219,0.25968,0.16563,0.23959,0.23344,0.23622,0.27656,0.2261,0.08438,0.30337,0.03406,0.33592,0,0.38519,0.02469,0.40645,0.08781,0.40748,0.14031,0.4305,0.10344,0.3588,0.14156,0.38622,0.56063,0.35718,0.58344,0.34091,0.54406,0.3868,0.5225,0.47815,0.58219,0.47639,0.66094,0.46965,0.43531,0.46466,0.37938,0.43842,0.32437,0.41877,0.26469,0.39472,0.21594,0.39575,