{"__type__":"dragonBones.DragonBonesAsset","_name":"sangong_ske","_dragonBonesJson":"{\"armature\":[{\"aabb\":{\"width\":199,\"y\":-176.16666666666666,\"height\":355,\"x\":-102},\"ik\":[],\"skin\":[{\"name\":\"\",\"slot\":[{\"display\":[{\"triangles\":[4,2,13,32,27,1,19,22,1,22,63,1,27,19,1,63,12,1,12,11,1,11,10,1,10,13,3,13,2,3,1,10,3,59,63,22,61,59,22,24,18,19,27,24,19,11,8,9,9,13,10,11,9,10,63,62,12,8,13,9,60,61,22,12,8,11,12,62,8,62,13,8,24,17,18,62,7,13,7,4,13,55,60,22,18,21,19,21,22,19,32,25,27,26,24,27,57,55,21,21,55,22,20,21,18,17,20,18,5,2,4,24,16,17,59,6,63,6,7,63,7,62,63,20,57,21,17,57,20,16,57,17,51,60,55,26,23,24,23,15,24,25,26,27,16,56,57,15,16,24,25,23,26,15,56,16,56,55,57,32,28,25,58,56,15,14,58,15,14,15,23,25,14,23,50,51,54,54,51,55,54,55,56,58,54,56,6,2,5,28,14,25,53,50,54,52,53,14,28,52,14,53,58,14,51,44,60,29,52,28,53,54,58,42,6,59,32,31,28,52,50,53,45,44,51,0,34,32,31,29,28,47,41,51,41,45,51,43,42,59,48,50,52,49,48,52,30,49,52,43,59,61,43,61,60,44,43,60,30,52,29,32,34,31,30,29,31,34,30,31,33,49,30,34,33,30,6,5,7,5,4,7,0,6,42,33,35,49,42,43,44,45,42,44,46,51,50,48,46,50,46,47,51,39,0,42,36,48,49,35,36,49,37,46,48,36,37,48,34,35,33,40,41,47,40,47,46,38,40,46,37,38,46,36,35,34,0,36,34,45,39,42,40,39,41,41,39,45,38,39,40,0,37,36,0,38,37,38,0,39,0,2,6],\"width\":167,\"type\":\"mesh\",\"vertices\":[-83.5,-172,83.5,-172,-83.5,172,83.5,172,-35.85,4.75,-45.05,-0.3,-53.9,-6.95,-31.35,-5.85,22.25,-4.75,28.9,-1.05,33.7,4.5,26.3,-12.9,20.4,-24.7,17.05,0.8,-13.7,-156.75,-5.5,-154.3,-1.15,-151.55,2.6,-146.95,7.65,-143.8,11.7,-141.45,3.9,-142.2,6.05,-138.3,8.5,-134.55,-5.5,-160.25,0.6,-155.35,-12.7,-163.1,-2,-162.85,0.75,-166.15,-21.5,-164.85,-27.4,-162.4,-30.9,-160.4,-26.85,-166.6,-26.7,-172,-36.25,-158.2,-37.1,-162.25,-39.4,-154.3,-44,-149.85,-45.05,-145.1,-45.2,-139,-45.75,-131.1,-42.85,-135.55,-42.15,-128.75,-38.55,-113.45,-32.35,-107.85,-32.9,-114.2,-39.85,-118.25,-37.25,-138.3,-37.25,-134.4,-35.2,-143.35,-34.2,-151.15,-32.35,-140.05,-33.05,-135.1,-26.85,-152.6,-19.35,-150.15,-15.3,-147.4,-9.8,-143.9,-7.95,-148.4,-2.15,-144.05,-15.3,-152.45,-26.85,-100.2,-26.85,-112.5,-26.95,-105.85,-1.85,-22.1,4.8,-65.6],\"transform\":{\"y\":66.3,\"x\":8.65},\"uvs\":[0,0,1,0,0,1,1,1,0.28533,0.51381,0.23024,0.49913,0.17725,0.4798,0.31228,0.48299,0.63323,0.48619,0.67305,0.49695,0.7018,0.51308,0.65749,0.4625,0.62216,0.4282,0.6021,0.50233,0.41796,0.04433,0.46707,0.05145,0.49311,0.05945,0.51557,0.07282,0.54581,0.08198,0.57006,0.08881,0.52335,0.08663,0.53623,0.09797,0.5509,0.10887,0.46707,0.03416,0.50359,0.0484,0.42395,0.02587,0.48802,0.0266,0.50449,0.01701,0.37126,0.02078,0.33593,0.02791,0.31497,0.03372,0.33922,0.0157,0.34012,0,0.28293,0.04012,0.27784,0.02834,0.26407,0.05145,0.23653,0.06439,0.23024,0.0782,0.22934,0.09593,0.22605,0.1189,0.24341,0.10596,0.2476,0.12573,0.26916,0.1702,0.30629,0.18648,0.30299,0.16802,0.26138,0.15625,0.27695,0.09797,0.27695,0.1093,0.28922,0.08328,0.29521,0.06061,0.30629,0.09288,0.3021,0.10727,0.33922,0.0564,0.38413,0.06352,0.40838,0.07151,0.44132,0.08169,0.4524,0.0686,0.48713,0.08125,0.40838,0.05683,0.33922,0.20872,0.33922,0.17297,0.33862,0.1923,0.48892,0.43576,0.52874,0.3093],\"path\":\"三公/人\",\"height\":344,\"name\":\"三公/人\",\"edges\":[1,3,3,2,2,0,0,32,32,1],\"userEdges\":[29,30,33,34]}],\"name\":\"人\"},{\"display\":[{\"path\":\"三公/牌2\",\"type\":\"image\",\"name\":\"三公/牌2\",\"transform\":{\"y\":4.7,\"x\":0.9}}],\"name\":\"牌2\"},{\"display\":[{\"path\":\"三公/眼睛\",\"type\":\"image\",\"name\":\"三公/眼睛\",\"transform\":{\"y\":-0.6,\"x\":7.45}}],\"name\":\"眼睛\"},{\"display\":[{\"path\":\"三公/筹码3\",\"type\":\"image\",\"name\":\"三公/筹码3\",\"transform\":{\"y\":-5.05,\"x\":-3.8}}],\"name\":\"筹码3\"},{\"display\":[{\"path\":\"三公/筹码1\",\"type\":\"image\",\"name\":\"三公/筹码1\",\"transform\":{\"y\":4.1,\"x\":-3.95}}],\"name\":\"筹码1\"},{\"display\":[{\"path\":\"三公/牌3\",\"type\":\"image\",\"name\":\"三公/牌3\",\"transform\":{\"y\":2.35,\"x\":-1.2}}],\"name\":\"牌3\"},{\"display\":[{\"path\":\"三公/闭眼\",\"type\":\"image\",\"name\":\"三公/闭眼\",\"transform\":{\"y\":-155,\"x\":-16}}],\"name\":\"闭眼\"},{\"display\":[{\"path\":\"三公/筹码2\",\"type\":\"image\",\"name\":\"三公/筹码2\",\"transform\":{\"y\":-2.2,\"x\":-5.8}}],\"name\":\"筹码2\"},{\"display\":[{\"path\":\"三公/牌1\",\"type\":\"image\",\"name\":\"三公/牌1\",\"transform\":{\"y\":-4.15,\"x\":0.6}}],\"name\":\"牌1\"}]}],\"type\":\"Armature\",\"frameRate\":24,\"animation\":[{\"bone\":[{\"frame\":[{\"duration\":40,\"transform\":{}}],\"name\":\"root\"},{\"frame\":[{\"tweenEasing\":0,\"duration\":20,\"transform\":{\"y\":-2.9646}},{\"tweenEasing\":0,\"duration\":20,\"transform\":{\"y\":-6.6703,\"x\":-0.7411}},{\"duration\":0,\"transform\":{\"y\":-2.9646}}],\"name\":\"牌2\"},{\"frame\":[{\"tweenEasing\":0,\"duration\":20,\"transform\":{\"x\":2.2234}},{\"tweenEasing\":0,\"duration\":20,\"transform\":{\"y\":-3.5204,\"x\":7.5967}},{\"duration\":0,\"transform\":{\"x\":2.2234}}],\"name\":\"牌3\"},{\"frame\":[{\"tweenEasing\":0,\"duration\":20,\"transform\":{\"y\":-0.7411,\"x\":-0.7411}},{\"tweenEasing\":0,\"duration\":20,\"transform\":{\"y\":-3.7057,\"x\":-3.7057}},{\"duration\":0,\"transform\":{\"y\":-0.7411,\"x\":-0.7411}}],\"name\":\"牌1\"},{\"frame\":[{\"duration\":40,\"transform\":{}}],\"name\":\"人\"},{\"frame\":[{\"duration\":40,\"transform\":{}}],\"name\":\"眼睛\"},{\"frame\":[{\"tweenEasing\":0,\"duration\":20,\"transform\":{\"y\":-2.9646,\"x\":1.4823}},{\"tweenEasing\":0,\"duration\":20,\"transform\":{\"y\":7.4114,\"x\":1.4823}},{\"duration\":0,\"transform\":{\"y\":-2.9646,\"x\":1.4823}}],\"name\":\"筹码3\"},{\"frame\":[{\"tweenEasing\":0,\"duration\":20,\"transform\":{\"y\":-2.2234,\"x\":-0.7411}},{\"tweenEasing\":0,\"duration\":20,\"transform\":{\"y\":-5.9291,\"x\":8.1525}},{\"duration\":0,\"transform\":{\"y\":-2.2234,\"x\":-0.7411}}],\"name\":\"筹码2\"},{\"frame\":[{\"tweenEasing\":0,\"duration\":20,\"transform\":{\"y\":2.2234,\"x\":1.4823}},{\"tweenEasing\":0,\"duration\":20,\"transform\":{\"y\":7.4114,\"x\":-9.6348}},{\"duration\":0,\"transform\":{\"y\":2.2234,\"x\":1.4823}}],\"name\":\"筹码1\"},{\"frame\":[{\"duration\":40,\"transform\":{}}],\"name\":\"车\"}],\"ffd\":[{\"frame\":[{\"tweenEasing\":0,\"offset\":8,\"duration\":20,\"vertices\":[-1.1,1,-1.75,-0.5,0,0,1.5,0.2,0,0,0,0,1.7,-0.1,-1.35,0.1,-1.45,-0.2,0,0,0.85,-0.6,0.5,-0.2,0.6,-0.2,0.45,-0.2,0.5,-0.05,0,0,0.5,-0.1,0,0,0,0,0.75,-0.3,0.65,-0.2,0.55,-0.25,0.65,-0.3,0.3,-1.3,0.25,-0.3,0,0,0,0,0.55,-0.8,0,0,0,0,0,-0.85,0,0,0,0,0,0,0,0,0,0,0,0,0,0,-0.5,0.2,0.05,0.05,0.35,-0.1,0,0,0,0,0,0,0,0,0,0,0,0,0,0,0,0,0.65,-0.05,0,0,0,0,0.8,-0.25,0,0,0.7,-0.55,0.8,0,0,0,0,0,0.4,0,0,0]},{\"tweenEasing\":0,\"offset\":8,\"duration\":20,\"vertices\":[-1.7,1,-0.85,-0.5,-0.6,0,1,-0.15,0,0,1.45,-0.05,5.4,-1.05,-0.4,-0.55,-1.35,-0.25,1.35,0.1,0.85,-0.6,0.5,-0.2,0.6,-0.2,0.45,-0.2,0.5,-1,1.25,-0.15,0.5,-0.1,0,0,0.3,-0.15,0.6,1.05,0.2,0.25,0.55,-0.25,0.8,0.55,0.3,-1.3,0.25,-0.3,0,0,0,0,0.55,-0.8,0,0,0,0,0,-0.85,0,0,0,0,0,0,0,0,0,0,0,0,0,0,-0.5,0.2,-0.6,0.05,0.35,-0.1,0,0,0,0,0,0,-0.55,0,0,0,0.2,0.05,-0.55,0.05,0,0,0.65,-0.05,0.9,-0.75,0.3,-0.05,1.7,-0.7,0.6,0.05,0.7,-0.55,0,0,0,0,0,0,1.5,-0.1,1.85,-1.75]},{\"tweenEasing\":null,\"offset\":8,\"duration\":0,\"vertices\":[-1.1,1,-1.75,-0.5,0,0,1.5,0.2,0,0,0,0,1.7,-0.1,-1.35,0.1,-1.45,-0.2,0,0,0.85,-0.6,0.5,-0.2,0.6,-0.2,0.45,-0.2,0.5,-0.05,0,0,0.5,-0.1,0,0,0,0,0.75,-0.3,0.65,-0.2,0.55,-0.25,0.65,-0.3,0.3,-1.3,0.25,-0.3,0,0,0,0,0.55,-0.8,0,0,0,0,0,-0.85,0,0,0,0,0,0,0,0,0,0,0,0,0,0,-0.5,0.2,0.05,0.05,0.35,-0.1,0,0,0,0,0,0,0,0,0,0,0,0,0,0,0,0,0.65,-0.05,0,0,0,0,0.8,-0.25,0,0,0.7,-0.55,0.8,0,0,0,0,0,0.4,0,0,0]}],\"skin\":\"\",\"scale\":1,\"slot\":\"人\",\"offset\":0,\"name\":\"三公/人\"}],\"duration\":40,\"playTimes\":0,\"frame\":[],\"slot\":[{\"frame\":[{\"tweenEasing\":0,\"duration\":4},{\"tweenEasing\":0,\"duration\":4,\"color\":{\"aM\":0}},{\"tweenEasing\":0,\"duration\":32},{\"tweenEasing\":null,\"duration\":0}],\"name\":\"眼睛\"}],\"ik\":[],\"name\":\"newAnimation\"}],\"bone\":[{\"name\":\"root\",\"transform\":{\"y\":33.3333}},{\"transform\":{\"y\":-195.2,