{"__type__":"cc.AnimationClip","_name":"captain_animate","_duration":2.8333333333333335,"curveData":{"props":{"x":[{"frame":0,"value":-880},{"frame":0.3333333333333333,"value":0},{"frame":2.5,"value":0},{"frame":2.8333333333333335,"value":-880}]}}}