{"__type__":"dragonBones.DragonBonesAsset","_name":"ebg_ske","_dragonBonesJson":"{\"armature\":[{\"aabb\":{\"width\":195,\"y\":-187.43055555555554,\"height\":373,\"x\":-96},\"ik\":[],\"skin\":[{\"name\":\"\",\"slot\":[{\"display\":[{\"triangles\":[19,18,1,18,17,1,17,16,1,13,11,3,14,13,3,15,14,3,1,16,3,16,15,3,6,15,16,17,6,16,18,4,17,4,6,17,12,13,15,6,12,15,13,14,15,6,8,12,19,4,18,12,11,13,5,6,4,20,4,19,7,8,6,9,10,12,8,9,12,10,11,12,10,2,11,0,4,20,0,5,4,9,2,10,0,6,5,8,2,9,7,2,8,0,7,6,0,2,7],\"width\":117,\"type\":\"mesh\",\"vertices\":[-58.5,-54,58.5,-54,-58.5,54,58.5,54,-20.26,-40.37,-29.5,-31.45,-33.92,-12.6,-38.01,-3.34,-33.53,13.45,-30.11,25.8,-23.2,34.04,-6.73,54,-4.34,36.76,25.16,35.66,38.14,27.74,42.57,10.28,45.99,-4.47,41.16,-26.41,30.14,-41.15,14.38,-54,-12.37,-54],\"transform\":{\"skY\":0.089,\"y\":21.05,\"skX\":0.089,\"x\":-4.2},\"uvs\":[0,0,1,0,0,1,1,1,0.32681,0.12622,0.24787,0.20876,0.21009,0.38336,0.17517,0.46907,0.21343,0.62456,0.24265,0.73886,0.30173,0.81515,0.4425,1,0.46288,0.84034,0.715,0.83019,0.82601,0.75686,0.86381,0.59522,0.8931,0.4586,0.85179,0.25543,0.75757,0.11901,0.62288,0,0.39424,0],\"path\":\"二八杠/头\",\"height\":108,\"name\":\"二八杠/头\",\"edges\":[1,3,2,0,3,11,11,2,19,1,0,20,20,19],\"userEdges\":[6,7]}],\"name\":\"头\"},{\"display\":[{\"path\":\"二八杠/心3\",\"type\":\"image\",\"name\":\"二八杠/心3\",\"transform\":{\"skY\":0.089,\"y\":4.5,\"skX\":0.089,\"x\":-9.5}}],\"name\":\"心3\"},{\"display\":[{\"triangles\":[13,12,3,14,13,3,14,3,15,16,14,15,4,19,1,0,4,1,19,18,1,16,15,17,18,16,17,1,18,17,20,26,18,26,27,16,18,26,16,16,27,14,27,13,14,19,20,18,22,25,20,22,20,19,4,22,19,28,11,27,25,27,26,27,11,13,11,12,13,20,25,26,25,21,27,21,28,27,21,24,28,22,21,25,11,2,12,28,10,11,10,2,11,24,9,28,9,10,28,5,21,22,4,5,22,23,24,21,5,23,21,0,5,4,6,23,5,7,9,24,23,7,24,7,8,9,0,6,5,9,8,10,8,2,10,6,7,23],\"width\":86,\"type\":\"mesh\",\"vertices\":[-43,-49.5,43,-49.5,-43,49.5,43,49.5,-22.36,-38.42,-27.15,-29.51,-43,-21.6,-43,-9.24,-43,5.86,-30.49,6.5,-30.12,18.85,-5.79,37.66,3.17,49.5,22.7,31.46,32.28,16.7,43,2.29,32.23,-11.4,43,-24.1,31.86,-26.15,25.65,-34.39,18.46,-25.13,-17.52,-15.47,-14.09,-27.48,-32.92,-13.35,-24.35,-1.71,7.17,-19.61,20.88,-14.48,13.06,5.78,-10.93,13.32],\"transform\":{\"skY\":0.089,\"y\":-37,\"skX\":0.089,\"x\":-20},\"uvs\":[0,0,1,0,0,1,1,1,0.24,0.11197,0.18435,0.20194,0,0.28186,0,0.40663,0,0.55915,0.14547,0.56563,0.14976,0.69037,0.43266,0.88039,0.53682,1,0.76394,0.81783,0.8753,0.66869,1,0.52316,0.87479,0.38485,1,0.25655,0.87046,0.23586,0.79822,0.15263,0.71466,0.24617,0.29623,0.34371,0.33613,0.22244,0.1172,0.36516,0.21683,0.48271,0.58337,0.30191,0.74276,0.35371,0.65185,0.55838,0.37291,0.63452],\"path\":\"二八杠/头发\",\"height\":99,\"name\":\"二八杠/头发\",\"edges\":[0,1,6,0,7,6,2,8,8,7,3,12,12,2,15,3,1,17,17,15],\"userEdges\":[11,12,17,18,19,20]}],\"name\":\"头发\"},{\"display\":[{\"path\":\"二八杠/心\",\"type\":\"image\",\"name\":\"二八杠/心\",\"transform\":{\"skY\":0.089,\"y\":-1,\"skX\":0.089,\"x\":6}}],\"name\":\"心\"},{\"display\":[{\"path\":\"二八杠/睁眼\",\"type\":\"image\",\"name\":\"二八杠/睁眼\",\"transform\":{\"skY\":0.089,\"y\":1.45,\"skX\":0.089,\"x\":-17.8}}],\"name\":\"睁眼\"},{\"display\":[{\"path\":\"二八杠/嘴\",\"type\":\"image\",\"name\":\"二八杠/嘴\",\"transform\":{\"skY\":0.089,\"y\":2.55,\"skX\":0.089,\"x\":-2}}],\"name\":\"嘴\"},{\"display\":[{\"path\":\"二八杠/麻将\",\"type\":\"image\",\"name\":\"二八杠/麻将\",\"transform\":{\"skY\":0.089,\"y\":-11,\"skX\":0.089,\"x\":-9.5}}],\"name\":\"麻将\"},{\"display\":[{\"triangles\":[14,15,18,31,2,3,19,28,3,28,31,3,0,17,1,14,18,20,17,14,20,1,17,20,19,3,20,18,19,20,0,16,7,0,7,17,15,13,18,30,28,19,18,13,19,13,30,19,16,8,7,26,2,31,30,27,28,5,15,14,6,5,14,17,6,14,12,30,13,27,31,28,5,13,15,7,6,17,12,11,30,12,13,5,7,12,5,6,7,5,27,29,31,29,26,31,4,12,7,8,4,7,29,27,30,23,29,30,22,23,30,11,22,30,4,11,12,9,4,8,10,21,11,21,22,11,4,10,11,25,26,29,9,10,4,16,9,8,23,25,29,21,10,9,16,21,9,24,2,26,24,25,23,0,21,16,21,24,22,24,23,22,0,24,21,25,24,26],\"width\":109,\"type\":\"mesh\",\"vertices\":[-54.5,-165,54.5,-165,-54.5,165,54.5,165,-13.39,-60.23,21.55,-62.68,21.23,-75.63,4.03,-74.41,-13.71,-71.98,-23.6,-66.21,-23.59,-56.01,-11.87,-47.58,-0.13,-51.2,15.52,-50.32,31.15,-66.9,28.17,-53.99,-31.77,-76.45,27.22,-85.24,43.83,-44.07,43.88,-16.07,54.5,-34.73,-35.63,-51.74,-34.69,-27.1,-38.86,-6.64,-54.5,21.67,-43.66,26.22,-39.98,42.76,3.53,16.34,25.28,20.96,-18.22,18.98,5.04,-4.41,13.93,54.18],\"transform\":{\"skY\":0.089,\"y\":19.65,\"skX\":0.089,\"x\":-9.7},\"uvs\":[0,0,1,0,0,1,1,1,0.37712,0.31749,0.69773,0.31005,0.69479,0.27081,0.53701,0.27453,0.3742,0.28188,0.28346,0.29935,0.2836,0.33026,0.39106,0.35581,0.49881,0.34485,0.6424,0.3475,0.78574,0.29728,0.7584,0.33638,0.20854,0.26833,0.7497,0.24169,0.90212,0.36646,0.90252,0.45131,1,0.39476,0.17312,0.3432,0.18172,0.41789,0.14348,0.47988,0,0.56567,0.09946,0.57945,0.13318,0.62958,0.53234,0.54953,0.73195,0.56352,0.33284,0.55751,0.54627,0.48664,0.62784,0.66418],\"path\":\"二八杠/身体\",\"height\":330,\"name\":\"二八杠/身体\",\"edges\":[0,1,3,2,1,20,20,3,2,24,24,0],\"userEdges\":[9,10]}],\"name\":\"身体\"},{\"display\":[{\"path\":\"二八杠/心2\",\"type\":\"image\",\"name\":\"二八杠/心2\",\"transform\":{\"skY\":0.089,\"skX\":0.089,\"x\":-5}}],\"name\":\"心2\"},{\"display\":[{\"path\":\"二八杠/麻将_0\",\"type\":\"image\",\"name\":\"二八杠/麻将_0\",\"transform\":{\"skY\":0.089,\"y\":-4,\"skX\":0.089,\"x\":-8.5}}],\"name\":\"麻将_0\"},{\"display\":[{\"path\":\"二八杠/闭眼\",\"type\":\"image\",\"name\":\"二八杠/闭眼\",\"transform\":{\"skY\":0.089,\"y\":1.3,\"skX\":0.089,\"x\":-15.1}}],\"name\":\"闭眼\"},{\"display\":[{\"path\":\"二八杠/嘴小\",\"type\":\"image\",\"name\":\"二八杠/嘴小\",\"transform\":{\"skY\":0.089,\"y\":1.9,\"skX\":0.089,\"x\":-0.3}}],\"name\":\"嘴小\"}]}],\"type\":\"Armature\",\"frameRate\":8,\"animation\":[{\"bone\":[{\"frame\":[{\"duration\":10,\"transform\":{}}],\"name\":\"root\"},{\"frame\":[{\"duration\":3,\"transform\":{}},{\"tweenEasing\":0,\"duration\":6,\"transform\":{\"y\":-6.1048,\"x\":-5.7762}},{\"duration\":1,\"transform\":{\"y\":-18.1,\"scX\":1.15,\"scY\":1.4,\"x\":4.22}}],\"name\":\"心3\"},{\"frame\":[{\"tweenEasing\":0,\"duration\":2,\"transform\":{\"y\":-3.4271,\"x\":-20.5396}},{\"tweenEasing\":0,\"duration\":2,\"transform\":{\"y\":-13.6969,\"x\":-28.2067}},{\"tweenEasing\":0,\"duration\":4,\"transform\":{\"y\":-17.6979,\"scX\":1.03,\"scY\":1.1167,\"x\":-24.8744}},{\"duration\":2,\"transform\":{\"y\":-25.7,\"scX\":1.25,\"scY\":1.35,\"x\":-18.21}}],\"name\":\"心\"},{\"frame\":[{\"tweenEasing\":0,\"duration\":3,\"transform\":{\"y\":-22.7071,\"scX\":0.5,\"scY\":0.55,\"x\":-42.7683}},{\"tweenEasing\":0,\"duration\":3,\"transform\":{\"y\":-28.71,\"scX\":0.85,\"scY\":0.85,\"x\":-29.77}},{\"duration\":4,\"transform\":{\"y\":-28.71,\"scX\":1.2,\"scY\":1.15,\"x\":-32.77}}],\"name\":\"心2\"},{\"frame\":[{\"tweenEasing\":0,\"duration\":5,\"transform\":{\"y\":-8.8693,\"x\":-4.7758}},{\"tweenEasing\":0,\"duration\":5,\"transform\":{\"y\":7.121,\"x\":-0.334}},{\"duration\":0,\"transform\":{\"y\":-8.8693,\"x\":-4.7758}}],\"name\":\"麻将_0\"},{\"frame\":[{\"tweenEasing\":0,\"duration\":5,\"transform\":{\"y\":-15.0132,\"x\":4.2641}},{\"tweenEasing\":0,\"duration\":5,\"transform\":{\"y\":2.7539,\"x\":-3.7311}},{\"duration\":0,\"transform\":{\"y\":-15.0132,\"x\":4.2641}}],\"name\":\"麻将\"},{\"frame\":[{\"duration\":10,\"transform\":{}}],\"name\":\"头发\"},{\"frame\":[{\"duration\":10,\"transform\":{}}],\"name\":\"汽车\"},{\"frame\":[{\"duration\":10,\"transform\":{}}],\"name\":\"睁眼\"},{\"frame\":[{\"duration\":10,\"transform\":{}}],\"name\":\"嘴小\"},{\"frame\":[{\"duration\":10,\"transform\":{}}],\"name\":\"bone\"},{\"frame\":[{\"duration\":10,\"transform\":{}}],\"name\":\"头\"},{\"frame\":[{\"duration\":10,\"transform\":{}}],\"name\":\"闭眼\"},{\"frame\":[{\"duration\":10,\"transform\":{}}],\"name\":\"身体\"},{\"frame\":[{\"duration\":10,\"transform\":{}}],\"name\":\"嘴\"}],\"ffd\":[{\"frame\":[{\"tweenEasing\":0,\"offset\":42,\"duration\":5,\"vertices\":[-1.85,-0.3,0,0,0,0,0,0,0,0,0,0,0,0,0,0]},{\"tweenEasing\":0,\"offset\":10,\"duration\":5,\"vertices\":[-1.7,