{"__type__":"dragonBones.DragonBonesAsset","_name":"leftyz_ske","_dragonBonesJson":"{\"armature\":[{\"defaultActions\":[{\"gotoAndPlay\":\"newAnimation\"}],\"aabb\":{\"width\":292,\"y\":-128.58999999999992,\"height\":174,\"x\":-191.99999999999991},\"skin\":[{\"name\":\"\",\"slot\":[{\"display\":[{\"triangles\":[28,29,45,45,29,46,30,12,3,46,29,3,29,30,3,49,46,50,49,50,1,50,46,48,46,3,48,11,12,30,47,43,45,47,45,49,49,45,46,43,28,45,44,43,47,42,28,43,44,42,43,28,39,29,10,11,30,27,28,42,40,41,44,25,40,44,41,42,44,41,27,42,27,70,28,38,39,28,40,27,41,39,31,30,31,10,30,29,39,30,38,31,39,70,38,28,25,24,40,24,27,40,27,37,70,70,32,38,32,31,38,9,10,31,24,26,27,26,36,27,36,37,27,37,32,70,32,8,31,25,26,24,8,9,31,36,33,37,25,23,26,23,36,26,71,23,25,33,7,32,35,33,36,33,32,37,71,34,23,23,35,36,7,8,32,67,11,10,9,69,10,34,35,23,8,66,9,66,69,9,69,67,10,67,13,11,35,6,33,7,66,8,13,12,11,6,7,33,71,4,34,6,68,7,68,66,7,13,14,12,34,5,35,5,6,35,66,16,69,69,15,67,5,68,6,4,5,34,16,15,69,15,13,67,17,16,66,15,14,13,68,17,66,4,65,5,65,68,5,18,17,68,72,4,71,53,2,14,72,65,4,65,19,68,19,18,68,53,14,15,16,53,15,59,53,16,54,19,65,72,20,65,20,54,65,17,59,16,21,20,72,19,60,18,18,58,17,58,59,17,60,58,18,73,21,72,52,59,58,51,58,60,54,55,19,51,60,19,55,51,19,52,53,59,56,52,58,51,56,58,73,64,21,56,57,52,52,61,53,20,55,54,21,63,20,63,55,20,63,62,55,64,63,21,61,2,53,57,61,52,22,64,73,56,51,55,62,56,55,22,63,64,57,2,61,62,57,56,22,0,63,0,62,63,62,2,57],\"width\":292,\"type\":\"mesh\",\"vertices\":[-146,-87,146,-87,-146,87,146,87,-32.3,-70.66,-25.15,-53.41,-15.65,-33.76,-6.1,-11.71,0.45,7.34,4,29.94,5.2,50.79,-0.75,75.79,-6.7,87,-19.8,72.84,-39.45,87,-38.25,66.89,-51.95,41.29,-58.5,20.44,-71.6,-0.41,-85.3,-23.01,-99,-49.21,-103.15,-63.51,-135.3,-87,7,-61.71,33.8,-66.51,23.05,-87,23.65,-64.71,40.35,-46.86,62.35,-13.51,73.1,26.39,75.45,40.09,32.6,22.84,11.75,-5.76,-1.35,-28.36,-16.25,-59.36,-7.3,-45.06,15.35,-49.81,17.7,-25.41,43.9,2.59,62.95,24.59,54.6,-72.46,69.5,-71.86,83.2,-58.16,101.05,-53.41,89.15,-87,116.55,-46.86,134.4,-49.81,114.15,-87,146,-58.76,129.65,-87,146,-72.46,-107.9,-11.71,-104.95,28.19,-103.15,57.94,-93.65,-35.51,-107.9,-22.41,-119.25,-5.16,-128.15,19.24,-89.45,18.04,-90.65,35.34,-85.3,-6.96,-118.65,35.34,-146,-34.36,-126.35,-59.36,-113.85,-71.26,-50.15,-57.56,-26.35,9.74,-16.8,59.14,-37.05,-20.66,-19.2,39.49,40.35,-19.46,-26.95,-87,-76.35,-87,-107.9,-87],\"transform\":{\"y\":-41.59,\"x\":-46},\"uvs\":[0,0,1,0,0,1,1,1,0.38938,0.09391,0.41387,0.19305,0.4464,0.30598,0.47911,0.4327,0.50154,0.54218,0.5137,0.67207,0.51781,0.7919,0.49743,0.93557,0.47705,1,0.43219,0.91862,0.3649,1,0.36901,0.88443,0.32209,0.7373,0.29966,0.61747,0.25479,0.49764,0.20788,0.36776,0.16096,0.21718,0.14675,0.135,0.03664,0,0.52397,0.14534,0.61575,0.11776,0.57894,0,0.58099,0.1281,0.63818,0.23069,0.71353,0.42236,0.75034,0.65167,0.75839,0.7304,0.61164,0.63126,0.54024,0.4669,0.49538,0.33701,0.44435,0.15885,0.475,0.24103,0.55257,0.21374,0.56062,0.35397,0.65034,0.51489,0.71558,0.64132,0.68699,0.08356,0.73801,0.08701,0.78493,0.16575,0.84606,0.19305,0.80531,0,0.89914,0.23069,0.96027,0.21374,0.89092,0,1,0.1623,0.94401,0,1,0.08356,0.13048,0.4327,0.14058,0.66201,0.14675,0.83299,0.17928,0.29592,0.13048,0.37121,0.09161,0.47034,0.06113,0.61057,0.19366,0.60368,0.18955,0.7031,0.20788,0.46,0.09366,0.7031,0,0.30253,0.06729,0.15885,0.1101,0.09046,0.32825,0.1692,0.40976,0.55598,0.44247,0.83989,0.37312,0.38126,0.43425,0.72695,0.63818,0.38816,0.40771,0,0.23853,0,0.13048,0],\"path\":\"yz\",\"height\":174,\"name\":\"yz\",\"edges\":[3,12,12,14,14,2,0,22,25,44,44,47,48,3,47,49,49,1,1,50,50,48,2,62,62,0,71,25,72,71,22,73,73,72],\"userEdges\":[]}],\"name\":\"yz\"}]}],\"canvas\":{\"width\":384,\"y\":0,\"height\":256,\"x\":0},\"type\":\"Armature\",\"frameRate\":12,\"bone\":[{\"name\":\"root\",\"transform\":{}}],\"ik\":[],\"slot\":[{\"name\":\"yz\",\"parent\":\"root\",\"color\":{}}],\"animation\":[{\"bone\":[{\"frame\":[{\"tweenEasing\":0,\"duration\":20,\"transform\":{}},{\"tweenEasing\":0,\"duration\":20,\"transform\":{\"skY\":-1.8333,\"y\":-8.6032,\"skX\":-1.8333,\"x\":-4.1676}},{\"duration\":0,\"transform\":{}}],\"name\":\"root\"}],\"ffd\":[{\"frame\":[{\"tweenEasing\":0,\"offset\":86,\"duration\":9,\"vertices\":[-0.8,-0.6,0,0,0,0,0,0,0,0,0,0,0,0,0,0,0,0,0,0,0,0,0,0,0,0,0,0,0,0,0,0,0,0,0,0,0,0,0,0,0,0,0,0,0,0,0,0,0,0,0,0,0,0,0,0,0,0,0,0,0,0]},{\"tweenEasing\":0,\"offset\":2,\"duration\":11,\"vertices\":[-1.75,2.95,0,0,0,0,0.9,-3.6,0,0,-4.2,1.2,-0.6,3.6,-1.5,3.55,-1.25,5.9,-1.2,3.35,-2.4,3.5,0,0,0,0,0,0,0.35,3.45,0.3,4.8,2.6,4.15,1.55,2.95,-0.3,4.4,0,0,0.3,2.35,0,0,-0.3,-2.4,-0.25,-3,0,0,-0.35,-1.2,1.9,-0.65,1.95,0,2.1,0.6,-2.8,3.3,0.3,3.75,-0.6,3.55,0,0,2.35,-0.65,0,0,2.25,-0.6,3.1,-1.15,2.4,-0.4,1.95,-0.05,0.6,2.35,0.65,3.6,0,2.95,-2.3,1.75,0,0,-0.6,2.4,-1.15,4.1,0,0,2.5,8.6,0,0,0,0,0,0,0,2.95,2.35,2.35,-0.6,1.8,0,0,0,0,0,0,1.5,-0.6,1.95,0.05,2.65,2.2,2.35,0.05,0,0,0,0,-0.25,1.7,-0.85,2.25,-0.2,2.5,0,0,0,0,0,0,0,0,0,0,0,0,0,0]},{\"tweenEasing\":0,\"offset\":2,\"duration\":11,\"vertices\":[-1.75,2.95,0,0,0,0,0.9,-3.6,0,0,2.95,0.55,3.75,3.05,0.9,3.55,1.3,5.75,1.8,3.55,5.4,4.05,6.55,0.3,5.75,0.6,6.55,0,7.05,-4,6.25,-5.6,4.35,-2.95,1.75,-1.4,-0.3,4.4,0,0,0.3,2.35,0,0,-0.3,-2.4,-0.25,-3,0,0,-0.35,-1.2,5.9,-3.05,12.15,-1.25,7.5,1.2,-2.8,3.3,7.25,-6.45,4.25,-4.9,2.95,-2.2,2.35,-0.65,2.05,-3.1,2.25,-0.6,10.9,-10,9.55,-2.45,1.95,-0.05,2.55,5.05,0.65,3.6,0.1,7.65,-2.95,6.85,0,0,-0.3,5.35,-1.3,8.45,0,0,2.3,15.35,0,0,0.3,7,0,0,0,2.95,2.35,2.35,-0.6,1.8,0,0,0,0,0,0,1.5,-0.6,1.95,0.05,2.65,2.2,2.35,0.05,0,0,0,0,-0.25,1.7,3.2,0.7,8.2,1.4,5.45,-0.6,6.1,-1.3,6.4,0,4.5,-4.8,0,0,0,0,0,0]},{\"tweenEasing\":0,\"offset\":2,\"duration\":9,\"vertices\":[-1.75,2.95,0,0,0,0,0.9,-3.6,0,0,-4.2,1.2,-0.6,3.6,-1.5,3.55,-1.25,5.9,-1.2,3.35,-2.4,3.5,0,0,0,0,0,0,0.35,3.45,0.3,4.8,2.6,4.15,1.55,2.95,-0.3,4.4,0,0,0.3,2.35,0,0,-0.3,-2.4,-0.25,-3,0,0,-0.35,-1.2,1.9,-0.65,1.95,0,2.1,0.6,-2.8,3.3,0.3,3.75,-0.6,3.55,0,0,2.35,-0.65,0,0,2.25,-0.6,3.1,-1.15,2.4,-0.4,1.95,-0.05,0.6,2.35,0.65,3.6,0,2.95,-2.3,1.75,0,0,-0.6,2.4,-1.15,4.1,0,0,2.5,8.6,0,0,0,0,0,0,0,2.95,2.35,2.35,-0.6,1.8,0,0,0,0,0,0,1.5,-0.6,1.95,0.05,2.65,2.2,2.35,0.05,0,0,0,0,-0.25,1.7,-0.85,2.25,-0.2,2.5,0,0,0,0,0,0,0,0,0,0,0,0,0,0]},{\"tweenEasing\":null,\"offset\":86,\"duration\":0,\"vertices\":[-0.8,-0.6,0,0,0,0,0,0,0,0,0,0,0,0,0,0,0,0,0,0,0,0,0,0,0,0,0,0,0,0,0,0,0,0,0,0,0,0,0,0,0,0,0,0,0,0,0,0,0,0,0,0,0,0,0,0,0,0,0,0,0,0]}],\"skin\":\"\",\"scale\":1,\"slot\":\"yz\",\"offset\":0,\"name\":\"yz\"}],\"duration\":40,\"playTimes\":0,\"ik\":[],\"frame\":[],\"slot\":[],\"name\":\"newAnimation\"}],\"name\":\"Armature\"}],\"frameRate\":12,\"name\":\"leftyz\",\"version\":\"5.0\",\"isGlobal\":0}"}