{"__type__":"cc.AnimationClip","_name":"btn_goto_collection","_duration":0.4166666666666667,"curveData":{"props":{"x":[{"frame":0.16666666666666666,"value":1169},{"frame":0.4166666666666667,"value":359}]}}}