{"__type__":"dragonBones.DragonBonesAsset","_name":"icotxtmc_ske","_dragonBonesJson":"{\"armature\":[{\"defaultActions\":[{\"gotoAndPlay\":\"newAnimation\"}],\"aabb\":{\"width\":209,\"y\":67.5,\"height\":159,\"x\":-104},\"skin\":[{\"name\":\"\",\"slot\":[{\"display\":[{\"path\":\"icotxtmc/树头\",\"type\":\"image\",\"name\":\"icotxtmc/树头\",\"transform\":{\"y\":-4.85,\"x\":3.55}}],\"name\":\"树头\"},{\"display\":[{\"path\":\"icotxtmc/砖石\",\"type\":\"image\",\"name\":\"icotxtmc/砖石\",\"transform\":{\"y\":-4.4,\"x\":-1}}],\"name\":\"砖石\"},{\"display\":[{\"width\":73,\"uvs\":[0,0,1,0,0,1,1,1,0,0.30411,0.10205,0.30137,0.25685,0.31712,0.30616,0.36644,0.36027,0.59247,0.24658,0.43151,0.12123,0.38014,0,0.2274,0.0911,0.22466,0.20548,0.25205,0.31712,0.29315,0.41507,0.54863,0.40137,0.69041,0.37123,0.82671,0.27329,0.67671,0.16986,0.52192,0.0911,0.43425,0.14521,0.63836,0.19726,0.74452,0.27329,0.84795,0.3363,0.91918,0.23562,0.94041,0.13493,0.81027,0.05274,0.6411,0,0.53219,0.64658,0.2137,0.7363,0.16233,0.83973,0.15137,0.88288,0.20616,0.85616,0.29589,0.83425,0.43425,0.92397,0.44795,1,0.4863,1,0.60342,0.96233,0.65205,0.88836,0.70137,0.82055,0.81301,0.75548,0.90274,0.63014,0.91918,0.69247,0.84247,0.83699,0.66575,0.93219,0.58973,0.76096,0.75548,0.77397,0.48082,0.77671,0.37192,0.78493,0.28493,0.81507,0.21164,0.73356,0.22466,0.64658,0.27671,0.57808,0.41849,0.7226,0.29589,0.70068,0.3911,0.66781,0.48356,0.67603,0.67123,0.69247,0.57055,0.76849,0.57877,0.83699,0.54315,0.91849,0.52945,0.82945,0.48836,0.88151,0.48699,0.9589,0.51233],\"type\":\"mesh\",\"vertices\":[-36.5,-36.5,36.5,-36.5,-36.5,36.5,36.5,36.5,-36.5,-14.3,-29.05,-14.5,-17.75,-13.35,-14.15,-9.75,-10.2,6.75,-18.5,-5,-27.65,-8.75,-36.5,-19.9,-29.85,-20.1,-21.5,-18.1,-13.35,-15.1,-6.2,3.55,-7.2,13.9,-9.4,23.85,-16.55,12.9,-24.1,1.6,-29.85,-4.8,-25.9,10.1,-22.1,17.85,-16.55,25.4,-11.95,30.6,-19.3,32.15,-26.65,22.65,-32.65,10.3,-36.5,2.35,10.7,-20.9,17.25,-24.65,24.8,-25.45,27.95,-21.45,26,-14.9,24.4,-4.8,30.95,-3.8,36.5,-1,36.5,7.55,33.75,11.1,28.35,14.7,23.4,22.85,18.65,29.4,9.5,30.6,14.05,25,24.6,12.1,31.55,6.55,19.05,18.65,20,-1.4,20.2,-9.35,20.8,-15.7,23,-21.05,17.05,-20.1,10.7,-16.3,5.7,-5.95,16.25,-14.9,14.65,-7.95,12.25,-1.2,12.85,12.5,14.05,5.15,19.6,5.75,24.6,3.15,30.55,2.15,24.05,-0.85,27.85,-0.95,33.5,0.9],\"transform\":{\"y\":2.5,\"x\":21.6},\"triangles\":[24,25,42,32,33,35,64,45,37,45,38,37,35,64,36,32,35,36,64,37,36,30,31,1,0,30,1,31,32,1,32,36,1,42,25,3,25,2,3,41,42,3,40,41,3,38,39,3,39,40,3,37,38,3,33,34,35,63,61,35,45,39,38,61,45,64,35,61,64,0,29,30,44,39,45,61,60,45,60,44,45,34,63,35,63,60,61,48,34,33,62,60,63,34,62,63,44,46,39,46,40,39,50,33,32,31,50,32,59,44,60,50,49,33,49,48,33,30,50,31,34,47,62,62,47,60,47,59,60,57,46,44,59,57,44,48,47,34,43,41,40,46,43,40,51,49,50,30,51,50,13,14,29,0,13,29,58,57,59,58,59,47,48,55,47,54,48,49,51,54,49,54,55,48,56,58,47,55,56,47,57,43,46,43,42,41,30,29,51,29,52,51,51,52,54,52,55,54,53,56,55,52,53,55,57,16,43,16,42,43,56,15,58,15,57,58,16,17,42,15,16,57,53,15,56,14,53,52,14,52,29,17,24,42,7,15,53,14,7,53,18,17,16,9,8,15,7,9,15,8,16,15,8,18,16,0,12,13,9,19,8,23,24,17,18,23,17,22,23,18,19,18,8,23,25,24,19,21,18,6,7,14,13,6,14,6,9,7,10,9,6,26,25,23,22,26,23,21,22,18,13,10,6,5,10,13,20,19,9,10,20,9,26,2,25,12,5,13,21,26,22,27,26,21,20,28,19,27,21,19,28,27,19,0,11,12,27,2,26,4,20,10,5,4,10,4,28,20,4,5,12,11,4,12,28,2,27],\"path\":\"icotxtmc/树叶\",\"height\":73,\"name\":\"icotxtmc/树叶\",\"edges\":[0,1,3,2,4,11,11,0,2,28,28,4,1,36,36,37,37,3],\"userEdges\":[49,54]}],\"name\":\"树叶\"},{\"display\":[{\"path\":\"icotxtmc/BUGATTI_2\",\"type\":\"image\",\"name\":\"icotxtmc/BUGATTI_2\",\"transform\":{\"y\":-0.45,\"x\":-4.35}}],\"name\":\"BUGATTI_2\"},{\"display\":[{\"path\":\"icotxtmc/l\",\"type\":\"image\",\"name\":\"icotxtmc/l\",\"transform\":{\"y\":-0.7,\"x\":10.2}}],\"name\":\"l\"},{\"display\":[{\"path\":\"icotxtmc/BUGATTI\",\"type\":\"image\",\"name\":\"icotxtmc/BUGATTI\",\"transform\":{\"y\":18.3403,\"x\":26.5579}}],\"name\":\"BUGATTI\"},{\"display\":[{\"path\":\"icotxtmc/r\",\"type\":\"image\",\"name\":\"icotxtmc/r\",\"transform\":{\"y\":4.4,\"x\":-10.2}}],\"name\":\"r\"},{\"display\":[{\"path\":\"icotxtmc/di\",\"type\":\"image\",\"name\":\"icotxtmc/di\",\"transform\":{\"y\":178.5,\"x\":-0.5}}],\"name\":\"di\"}]}],\"canvas\":{\"width\":210,\"y\":0,\"height\":439,\"x\":0},\"type\":\"Armature\",\"frameRate\":24,\"ik\":[],\"bone\":[{\"name\":\"root\",\"transform\":{}},{\"transform\":{\"y\":159.1,\"x\":98.7},\"name\":\"r\",\"parent\":\"root\"},{\"transform\":{\"y\":163.2,\"x\":-97.7},\"name\":\"l\",\"parent\":\"root\"},{\"transform\":{\"y\":127.45,\"x\":21.85},\"name\":\"BUGATTI_2\",\"parent\":\"root\"},{\"transform\":{\"y\":103.4,\"x\":-55},\"name\":\"砖石\",\"parent\":\"root\"},{\"transform\":{\"y\":101.5,\"x\":-78.1},\"name\":\"树叶\",\"parent\":\"root\"},{\"transform\":{\"y\":132.85,\"x\":-57.55},\"name\":\"树头\",\"parent\":\"root\"},{\"transform\":{\"y\":108.55,\"x\":-9.5},\"name\":\"BUGATTI\",\"parent\":\"root\"}],\"slot\":[{\"name\":\"di\",\"parent\":\"root\",\"color\":{}},{\"z\":1,\"name\":\"r\",\"parent\":\"r\",\"color\":{}},{\"z\":2,\"name\":\"l\",\"parent\":\"l\",\"color\":{}},{\"z\":3,\"name\":\"BUGATTI_2\",\"parent\":\"BUGATTI_2\",\"color\":{}},{\"z\":4,\"name\":\"BUGATTI\",\"parent\":\"BUGATTI\",\"color\":{}},{\"z\":5,\"name\":\"树叶\",\"parent\":\"树叶\",\"color\":{}},{\"z\":6,\"name\":\"砖石\",\"parent\":\"砖石\",\"color\":{}},{\"z\":7,\"name\":\"树头\",\"parent\":\"树头\",\"color\":{}}],\"animation\":[{\"bone\":[{\"frame\":[{\"duration\":60,\"transform\":{}}],\"name\":\"root\"},{\"frame\":[{\"tweenEasing\":0,\"duration\":10,\"transform\":{}},{\"tweenEasing\":0,\"duration\":10,\"transform\":{\"x\":-2.163}},{\"tweenEasing\":0,\"duration\":10,\"transform\":{}},{\"tweenEasing\":0,\"duration\":10,\"transform\":{\"x\":-2.163}},{\"tweenEasing\":0,\"duration\":10,\"transform\":{}},{\"tweenEasing\":0,\"duration\":10,\"transform\":{\"x\":-2.163}},{\"duration\":0,\"transform\":{}}],\"name\":\"r\"},{\"frame\":[{\"tweenEasing\":0,\"duration\":10,\"transform\":{}},{\"tweenEasing\":0,\"duration\":10,\"transform\":{\"x\":2.8841}},{\"tweenEasing\":0,\"duration\":10,\"transform\":{}},{\"tweenEasing\":0,\"duration\":10,\"transform\":{\"x\":2.8841}},{\"tweenEasing\":0,\"duration\":10,\"transform\":{}},{\"tweenEasing\":0,\"duration\":10,\"transform\":{\"x\":2.8841}},{\"duration\":0,\"transform\":{}}],\"name\":\"l\"},{\"frame\":[{\"duration\":60,\"transform\":{}}],\"name\":\"BUGATTI_2\"},{\"frame\":[{\"tweenEasing\":0,\"duration\":24,\"transform\":{\"y\":4.3993,\"x\":-0.5866}},{\"tweenEasing\":0,\"duration\":20,\"transform\":{\"y\":3.5194,\"x\":-0.8799}},{\"tweenEasing\":0,\"duration\":16,\"transform\":{\"y\":4.6925,\"x\":-0.8799}},{\"duration\":0,\"transform\":{\"y\":4.3993,\"x\":-0.5866}}],\"name\":\"砖石\"},{\"frame\":[{\"duration\":60,\"transform\":{}}],\"name\":\"树叶\"},{\"frame\":[{\"duration\":60,\"transform\":{}}],\"name\":\"树头\"},{\"frame\":[{\"duration\":60,\"transform\":{}}],\"name\":\"BUGATTI\"}],\"ffd\":[{\"frame\":[{\"tweenEasing\":0,\"offset\":120,\"duration\":29,\"vertices\":[-0.4,-0.2,0,0,0,0,0,0,0,0]},{\"tweenEasing\":0,\"offset\":8,\"duration\":16,\"vertices\":[-0.65,2.5,-0.35,1.15,-0.8,-0.95,0.8,-1.45,0,-3.25,0,0,0.9,-0.6,0,0,0,0,0,0,0,0,0,0,0,0,0,0,0,0,0,0,0.45,-1.05,0.95,-0.05,0.6,0,-0.05,-2.1,0,0,0,0,0,0,0,0,0,0,0,0,0,0,1.1,-0.3,0.65,1.1,0,0,0,0,-0.2,-0.9,1.7,1.7,4.35,-0.5,0,0,0,0,0,0,0,0,0,0,0,0,-1.5,-0.9,-0.7,-1.45,0,0,-0.25,-0.4,-2.2,0.15,-0.8,0.05,2.3,2,0.35,0.6,0,0,0,0,0,0,0,0,0,0,0,0,0,0,-1.1,-0.55,-0.4,-0.2,0,-0.75,-0.3,-0.9,-0.3,-0.9,0.3,-0.6]},{\"tweenEasing\":0,\"offset\":8,\"duration\":15,\"vertices\":[-0.38,-3.4,-0.22,-2.43,0.7,-2.13,0.4,-0.73,0.9,-2.23,3.15,-2.25,1.65,-2.85,-0.15,-1.95,0,0,0.45,-2.15,0,0,0,0,0.15,-1.35,0,0,0.35,-2.25,0,0,1.42,-2.48,1.37,-0.02,1.65,-0.45,1.18,-1.5,0,0,0,0,0,0,2.65,-1.3,3,-0.45,0,0,0,-0.65,0.6,-4.2,0.32,0.55,0,0,0,0,-0.1,-0.45,0,0,5.2,-2.35,0,0,0,0,0,0,0,0,0,0,0,0,-2.7,-1.2,-1.3,-2.52,0,0,-1.68,-0.5,-2.35,-0.02,-1.3,-1.32,0.55,-2.9,-1.08,