{"__type__":"dragonBones.DragonBonesAsset","_name":"newcar_ske","_dragonBonesJson":"{\"armature\":[{\"defaultActions\":[{\"gotoAndPlay\":\"newAnimation\"}],\"aabb\":{\"width\":262.3068197822648,\"y\":-54,\"height\":107.05241307633435,\"x\":-143.3068197822648},\"skin\":[{\"name\":\"\",\"slot\":[{\"display\":[{\"path\":\"newcar/lm\",\"type\":\"image\",\"name\":\"newcar/lm\",\"transform\":{\"y\":0.3524,\"x\":4.0432}}],\"name\":\"lm1\"},{\"display\":[{\"path\":\"newcar/qguang\",\"type\":\"image\",\"name\":\"newcar/qguang\",\"transform\":{\"y\":0.1}}],\"name\":\"qguang\"},{\"display\":[{\"width\":160,\"uvs\":[0,0,1,0,0,1,1,1,0,0.48511,0.10156,0.43085,0.19062,0.3766,0.25406,0.35638,0.33937,0.45851,0.39094,0.40426,0.31844,0.36064,0.26813,0.23404,0.36562,0.26383,0.47063,0.16702,0.56313,0.18085,0.65938,0.1266,0.7525,0.04681,0.86281,0,0.93156,0,0.95813,0,0.85781,0.71596,0.6975,0.76596,0.56594,0.78617,0.505,0.84574,0.39188,0.85319,0.34875,0.9234,0.26813,0.90638,0.20719,1,0.1475,1,0.22781,0.88936,0.27219,0.81596,0.31938,0.78298,0.29281,0.74574,0.24063,0.80213,0.2025,0.84574,0.14437,0.83936,0.06969,0.80213,0,0.76596,0.08844,0.72234,0.18969,0.69574,0.23094,0.6617,0.25062,0.5883,0.20938,0.54787,0.1375,0.56489,0.07875,0.57553,0.01875,0.5617,0.09813,0.51809,0.2,0.47021,0.26437,0.47979,0.34719,0.58404,0.48188,0.56064,0.58406,0.50426,0.74219,0.45,0.83187,0.41489,0.82656,0.16596,0.64594,0.29043,0.46625,0.33617,0.4475,0.76596,0.61375,0.68085],\"type\":\"mesh\",\"vertices\":[-80,-23.5,80,-23.5,-80,23.5,80,23.5,-80,-0.7,-63.75,-3.25,-49.5,-5.8,-39.35,-6.75,-25.7,-1.95,-17.45,-4.5,-29.05,-6.55,-37.1,-12.5,-21.5,-11.1,-4.7,-15.65,10.1,-15,25.5,-17.55,40.4,-21.3,58.05,-23.5,69.05,-23.5,73.3,-23.5,57.25,10.15,31.6,12.5,10.55,13.45,0.8,16.25,-17.3,16.6,-24.2,19.9,-37.1,19.1,-46.85,23.5,-56.4,23.5,-43.55,18.3,-36.45,14.85,-28.9,13.3,-33.15,11.55,-41.5,14.2,-47.6,16.25,-56.9,15.95,-68.85,14.2,-80,12.5,-65.85,10.45,-49.65,9.2,-43.05,7.6,-39.9,4.15,-46.5,2.25,-58,3.05,-67.4,3.55,-77,2.9,-64.3,0.85,-48,-1.4,-37.7,-0.95,-24.45,3.95,-2.9,2.85,13.45,0.2,38.75,-2.35,53.1,-4,52.25,-15.7,23.35,-9.85,-5.4,-7.7,-8.4,12.5,18.2,8.5],\"transform\":{\"y\":4.85,\"x\":-31.1},\"triangles\":[22,23,21,13,15,16,0,13,16,0,16,17,18,53,19,53,20,19,19,20,1,20,21,3,21,23,3,23,25,3,25,27,3,1,20,3,0,11,13,13,14,15,17,54,18,54,53,18,16,54,17,53,52,20,52,21,20,16,52,54,54,52,53,15,55,52,15,52,16,58,21,52,55,58,52,51,58,55,58,22,21,14,55,15,14,51,55,11,12,13,24,25,23,51,22,58,50,22,51,14,56,51,56,50,51,50,23,22,13,56,14,57,24,23,50,57,23,56,9,50,9,57,50,13,12,56,12,9,56,26,27,25,9,49,57,49,24,57,31,25,24,49,31,24,12,8,9,8,49,9,11,10,12,10,8,12,32,31,49,31,26,25,8,48,49,48,32,49,48,41,32,10,48,8,11,7,10,7,48,10,32,30,31,30,26,31,0,6,11,40,30,32,41,40,32,29,27,26,40,33,30,33,26,30,6,7,11,33,29,26,42,41,48,7,47,48,47,42,48,6,47,7,0,5,6,42,40,41,40,39,33,39,34,33,34,29,33,42,39,40,34,27,29,34,28,27,47,43,42,43,39,42,35,28,34,39,35,34,6,43,47,5,43,6,43,35,39,5,46,43,36,2,28,43,38,35,36,28,35,38,36,35,46,44,43,44,38,43,44,46,5,45,44,5,4,45,5,0,4,5,45,36,44,44,36,38,45,37,36,37,2,36,4,37,45],\"path\":\"newcar/cz\",\"height\":47,\"name\":\"newcar/cz\",\"edges\":[1,3,4,0,0,17,17,18,18,19,19,1,3,27,27,28,28,2,2,37,37,4],\"userEdges\":[]}],\"name\":\"cz\"},{\"display\":[{\"path\":\"newcar/hguang\",\"type\":\"image\",\"name\":\"newcar/hguang\",\"transform\":{\"y\":0.3,\"x\":0.15}}],\"name\":\"hguang\"},{\"display\":[{\"path\":\"newcar/h\",\"type\":\"image\",\"name\":\"newcar/h\",\"transform\":{\"x\":-0.05}}],\"name\":\"h\"},{\"display\":[{\"path\":\"newcar/lm\",\"type\":\"image\",\"name\":\"newcar/lm\",\"transform\":{\"y\":0.6,\"x\":-31.8956}}],\"name\":\"lm\"},{\"display\":[{\"path\":\"newcar/q\",\"type\":\"image\",\"name\":\"newcar/q\",\"transform\":{}}],\"name\":\"q\"},{\"display\":[{\"path\":\"newcar/cs\",\"type\":\"image\",\"name\":\"newcar/cs\",\"transform\":{\"y\":-7.05,\"x\":-8.85}}],\"name\":\"cs\"}]}],\"canvas\":{\"width\":320,\"y\":0,\"height\":128,\"x\":0},\"type\":\"Armature\",\"frameRate\":36,\"ik\":[],\"bone\":[{\"name\":\"root\",\"transform\":{}},{\"transform\":{\"y\":-35.35,\"x\":-3.9},\"name\":\"cz\",\"parent\":\"root\"},{\"transform\":{\"y\":15.55,\"x\":24.85},\"name\":\"cs\",\"parent\":\"root\"},{\"transform\":{\"y\":29,\"x\":82.5},\"name\":\"qguang\",\"parent\":\"root\"},{\"transform\":{\"y\":25.95,\"x\":-53.65},\"name\":\"hguang\",\"parent\":\"root\"},{\"transform\":{\"y\":25.9929,\"x\":-53.6129},\"name\":\"h\",\"parent\":\"root\"},{\"transform\":{\"y\":29,\"x\":82.5},\"name\":\"q\",\"parent\":\"root\"},{\"transform\":{\"y\":43.4,\"x\":15.3644},\"name\":\"lm\",\"parent\":\"root\"},{\"transform\":{\"y\":43.7,\"x\":-109.35},\"name\":\"lm1\",\"parent\":\"root\"}],\"slot\":[{\"name\":\"lm\",\"parent\":\"lm\",\"color\":{}},{\"z\":1,\"name\":\"cs\",\"parent\":\"cs\",\"color\":{}},{\"z\":2,\"name\":\"q\",\"parent\":\"q\",\"color\":{}},{\"z\":3,\"name\":\"qguang\",\"parent\":\"qguang\",\"color\":{}},{\"z\":4,\"name\":\"h\",\"parent\":\"h\",\"color\":{}},{\"z\":5,\"name\":\"hguang\",\"parent\":\"hguang\",\"color\":{}},{\"z\":6,\"name\":\"cz\",\"parent\":\"cz\",\"color\":{}},{\"z\":7,\"name\":\"lm1\",\"parent\":\"lm1\",\"color\":{}}],\"animation\":[{\"bone\":[{\"frame\":[{\"duration\":60,\"transform\":{}}],\"name\":\"root\"},{\"frame\":[{\"duration\":60,\"transform\":{}}],\"name\":\"cz\"},{\"frame\":[{\"tweenEasing\":0,\"duration\":10,\"transform\":{}},{\"tweenEasing\":0,\"duration\":10,\"transform\":{\"y\":-1.1059}},{\"tweenEasing\":0,\"duration\":10,\"transform\":{}},{\"tweenEasing\":0,\"duration\":10,\"transform\":{\"y\":-1.1059}},{\"tweenEasing\":0,\"duration\":10,\"transform\":{}},{\"tweenEasing\":0,\"duration\":10,\"transform\":{\"y\":-1.1059}},{\"duration\":0,\"transform\":{}}],\"name\":\"cs\"},{\"frame\":[{\"duration\":60,\"transform\":{}}],\"name\":\"qguang\"},{\"frame\":[{\"duration\":60,\"transform\":{}}],\"name\":\"hguang\"},{\"frame\":[{\"tweenEasing\":0,\"duration\":10,\"transform\":{}},{\"tweenEasing\":0,\"duration\":10,\"transform\":{\"skY\":60,\"skX\":60}},{\"tweenEasing\":0,\"duration\":10,\"transform\":{\"skY\":120,\"skX\":120}},{\"tweenEasing\":0,\"duration\":10,\"transform\":{\"skY\":180,\"skX\":180}},{\"tweenEasing\":0,\"duration\":10,\"transform\":{\"skY\":-120,\"skX\":-120}},{\"tweenEasing\":0,\"duration\":10,\"transform\":{\"skY\":-60,\"skX\":-60}},{\"duration\":0,\"transform\":{}}],\"name\":\"h\"},{\"frame\":[{\"tweenEasing\":0,\"duration\":10,\"transform\":{}},{\"tweenEasing\":0,\"duration\":10,\"transform\":{\"skY\":60,\"skX\":60}},{\"tweenEasing\":0,\"duration\":10,\"transform\":{\"skY\":120,\"skX\":120}},{\"tweenEasing\":0,\"duration\":10,\"transform\":{\"skY\":180,\"skX\":180}},{\"tweenEasing\":0,\"duration\":10,\"transform\":{\"skY\":-120,\"skX\":-120}},{\"tweenEasing\":0,\"duration\":10,\"transform\":{\"skY\":-60,\"skX\":-60}},{\"duration\":0,\"transform\":{}}],\"name\":\"q\"},{\"frame\":[{\"duration\":20,\"transform\":{}},{\"tweenEasing\":0,\"duration\":4,\"transform\":{\"y\":-0.0518,\"x\":-106.4208}},{\"tweenEasing\":0,\"duration\":16,\"transform\":{\"y\":-0.0518,\"x\":-98.1323}},{\"tweenEasing\":0,\"duration\":16,\"transform\":{\"y\":-0.0518,\"x\":20.9975}},{\"tweenEasing\":0,\"duration\":4,\"transform\":{\"y\":-0.0518,\"x\":120.7184}},{\"duration\":0,\"transform\":{\"y\":-0.0518,\"x\":137.9861}}],\"name\":\"lm\"},{\"frame\":[{\"tweenEasing\":0,\"duration\":4,\"transform\":{\"x\":-17.4058}},{\"tweenEasing\":0,\"duration\":16,\"transform\":{\"x\":-9.1173}},{\"tweenEasing\":0,\"duration\":16,\"transform\":{\"x\":97.2516}},{\"tweenEasing\":0,\"duration\":4,\"transform\":{\"x\":208.8009}},{\"duration\":20,\"transform\":{\"x\":229.8847}}],\"name\":\"lm1\"}],\"ffd\":[{\"frame\":[{\"tweenEasing\":0,\"offset\":103,\"duration\":20,\"vertices\":[0.6,0,0,0,0,0,0,0,0,0,0,0,0,0,0]},{\"tweenEasing\":0,\"offset\":17,\"duration\":20,\"vertices\":[-1.8,0,0,0,0,0,0,-0.3,-1.65,0,0,0,0,0,2.1,0.2,2.35,0,0,0,0,0,0,0,0,0,0,-0.6,-2.4,0,0,0,0,0,-2.6,0,0,0,0,3.1,-0.35,0,0,0,0,0,0,0,0,0,0,0,0,0,0,