{"__type__":"dragonBones.DragonBonesAsset","_name":"zf_nvren_no2_ske","_dragonBonesJson":"{\"frameRate\":12,\"isGlobal\":0,\"name\":\"zf_nvren_no2\",\"version\":\"5.5\",\"armature\":[{\"skin\":[{\"name\":\"\",\"slot\":[{\"display\":[{\"userEdges\":[48,44,56,57,58,60,63,64,70,71],\"width\":203,\"height\":508,\"type\":\"mesh\",\"vertices\":[-101.5,-254,101.5,-254,-101.5,254,101.5,254,-27.15,-131.45,-13.4,-135.25,2.55,-138.5,15.2,-138.75,28.7,-133.9,39.5,-129.85,45.95,-123.9,49.45,-112.3,46.2,-101.8,36.5,-94.25,22.5,-78.9,15.2,-51.35,5.5,-23.6,-0.7,-7.15,-20.4,-23.05,-32,-36.25,-27.95,-51.1,-19.6,-65.1,-19.05,-75.1,-30.1,-86.7,-36.3,-102.35,-38.45,-114.2,-37.65,-125.25,-19.3,-154.65,-33.6,-141.45,12.25,-147.9,0.65,-110.7,40.55,-112.85,36.5,-122,44.35,-117.7,39.75,-102.05,8.75,-102.05,2.25,-91.3,-15.55,-103.15,-18.5,-119.05,2.8,-120.95,21.95,-126.05,11.45,-130.65,-3.95,-129.85,-49.5,-153.05,-44.4,-146.05,-41.15,-140.9,-40.1,-171.65,-36.85,-162.2,-39.8,-152.75,-61.9,-138.75,-65.15,-152.25,-68.1,-147.1,-70.8,-154.4,-64.9,-173,-63,-182.7,-70.55,-176.75,-74.85,-184.85,-66.8,-190.8,-60.3,-208.85,-60.05,-220.2,-56.55,-204.3,-49.25,-190,18.45,-216.15,20.05,-201.85,19.8,-196.2,18.15,-183.8,10.35,-170.85,24.65,-168.95,33,-167.35,33.3,-182.7,32.75,-196.45,29.25,-201.85,26.55,-216.15,40.55,-217.5,35.15,-226,23.4,-235.55,16,-240.35,13.4,-230.15,13.85,-221.9,-23.65,-3.9,-23.05,27.3,14.5,5.35,35.85,45.5,24.9,21.5],\"transform\":{\"y\":42.35,\"x\":5.3},\"edges\":[0,1,1,3,3,2,2,0],\"path\":\"nvren2222/huotia124\",\"uvs\":[0,0,1,0,0,1,1,1,0.36626,0.24124,0.43399,0.23376,0.51256,0.22736,0.57488,0.22687,0.64138,0.23642,0.69458,0.24439,0.72635,0.2561,0.7436,0.27894,0.72759,0.29961,0.6798,0.31447,0.61084,0.34469,0.57488,0.39892,0.52709,0.45354,0.49655,0.48593,0.39951,0.45463,0.34236,0.42864,0.36232,0.39941,0.40345,0.37185,0.40616,0.35217,0.35172,0.32933,0.32118,0.29852,0.31059,0.2752,0.31453,0.25344,0.40493,0.19557,0.33448,0.22156,0.56034,0.20886,0.5032,0.28209,0.69975,0.27785,0.6798,0.25984,0.71847,0.26831,0.69581,0.29911,0.5431,0.29911,0.51108,0.32028,0.4234,0.29695,0.40887,0.26565,0.51379,0.26191,0.60813,0.25187,0.5564,0.24281,0.48054,0.24439,0.25616,0.19872,0.28128,0.2125,0.29729,0.22264,0.30246,0.16211,0.31847,0.18071,0.30394,0.19931,0.19507,0.22687,0.17906,0.2003,0.16453,0.21043,0.15123,0.19606,0.1803,0.15945,0.18966,0.14035,0.15246,0.15207,0.13128,0.13612,0.17094,0.12441,0.20296,0.08888,0.20419,0.06654,0.22143,0.09783,0.25739,0.12598,0.59089,0.07451,0.59877,0.10266,0.59754,0.11378,0.58941,0.13819,0.55099,0.16368,0.62143,0.16742,0.66256,0.17057,0.66404,0.14035,0.66133,0.11329,0.64409,0.10266,0.63079,0.07451,0.69975,0.07185,0.67315,0.05512,0.61527,0.03632,0.57882,0.02687,0.56601,0.04695,0.56823,0.06319,0.3835,0.49232,0.38645,0.55374,0.57143,0.51053,0.6766,0.58957,0.62266,0.54232],\"name\":\"nvren2222/huotia124\",\"triangles\":[15,81,83,14,15,13,70,69,73,13,15,12,15,83,12,83,82,12,68,9,10,12,82,11,0,76,1,76,75,1,75,74,1,74,73,1,73,69,1,68,10,1,69,68,1,10,11,1,82,2,3,1,11,3,11,82,3,16,81,15,80,2,82,68,8,9,71,70,73,31,12,11,33,31,11,10,33,11,34,13,12,31,34,12,32,33,10,9,32,10,29,8,68,32,31,33,67,29,68,32,40,31,35,34,31,40,35,31,74,72,73,72,71,73,35,13,34,8,32,9,29,7,8,67,68,69,8,40,32,35,14,13,83,80,82,0,59,76,70,64,69,64,65,69,75,72,74,65,67,69,75,78,72,71,64,70,16,17,81,77,78,75,78,62,72,62,63,72,72,63,71,63,64,71,7,40,8,39,35,40,35,36,14,65,66,67,66,29,67,7,41,40,81,80,83,36,15,14,39,30,35,36,22,15,22,21,15,41,39,40,76,77,75,61,64,63,78,61,63,62,78,63,66,65,64,46,66,64,61,46,64,17,80,81,59,77,76,29,6,7,6,41,7,20,16,15,21,20,15,66,27,29,60,61,78,20,18,16,59,60,78,59,78,77,46,27,66,27,6,29,42,39,41,6,42,41,79,80,17,30,36,35,27,5,6,30,37,36,18,17,16,38,30,39,42,38,39,37,22,36,5,42,6,20,19,18,38,37,30,18,79,17,46,47,27,23,22,37,5,38,42,27,28,5,28,4,5,4,38,5,25,24,38,38,24,37,24,23,37,4,26,38,26,25,38,48,28,27,23,21,22,47,48,27,23,20,21,19,79,18,79,19,80,19,2,80,51,2,19,24,19,23,28,26,4,23,19,20,45,26,28,24,49,19,44,45,48,48,45,28,49,51,19,25,49,24,43,48,47,46,43,47,49,25,26,45,49,26,59,58,60,52,2,51,53,43,46,61,54,46,54,53,46,43,44,48,44,49,45,43,49,44,50,49,43,53,50,43,60,57,61,57,54,61,0,2,52,52,50,53,50,51,49,58,57,60,56,58,59,0,56,59,56,57,58,55,53,54,55,52,53,57,56,54,56,55,54,52,51,50,56,0,52,56,52,55]}],\"name\":\"huotia124\"},{\"display\":[{\"path\":\"nvren2222/huotia123\",\"type\":\"image\",\"name\":\"nvren2222/huotia123\",\"transform\":{\"y\":1.7,\"x\":7.85}}],\"name\":\"huotia123\"}]}],\"animation\":[{\"frame\":[],\"duration\":20,\"bone\":[{\"rotateFrame\":[],\"scaleFrame\":[],\"name\":\"root\",\"translateFrame\":[]},{\"rotateFrame\":[],\"scaleFrame\":[],\"name\":\"huotia123\",\"translateFrame\":[]},{\"rotateFrame\":[],\"scaleFrame\":[],\"name\":\"huotia124\",\"translateFrame\":[]}],\"slot\":[{\"colorFrame\":[],\"displayFrame\":[],\"name\":\"huotia124\"},{\"colorFrame\":[{\"tweenEasing\":0,\"duration\":2},{\"tweenEasing\":0,\"duration\":2,\"color\":{\"aM\":0}},{\"duration\":16}],\"displayFrame\":[],\"name\":\"huotia123\"}],\"ffd\":[{\"skin\":\"\",\"frame\":[{\"tweenEasing\":0,\"duration\":10,\"offset\":80,\"vertices\":[0.45,0.1,0,0,0,0,0,0,0,0,0,0,0,0,0,0,0,0,0,0,0,0,0,0,0,0,0,0,0,0,0,0,0,0,0,0,0,0,0,0,0,0,0,0,0,0,0,0,0,0,0,0,0,0,0,0,0,0,0,0,0,0,0,0,0,0,0,0,0,0,0,0,0,0,0,0,0,0,0,0,0,0,0,0,0,0,0,0]},{\"tweenEasing\":0,\"duration\":10,\"offset\":8,\"vertices\":[0.8,-0.7,0,0,0.05,-0.6,0.45,-0.5,0,0,0.5,-1.5,0.6,-0.25,1.6,0.55,1.05,-0.5,0.5,0.1,0.8,0,1.95,-0.75,1.5,0,1.7,-0.4,1.45,0.1,0,0,0,0,0,0,-0.2,-0.4,0,0,0,0,0,0,0,0,0,0,0,0,0,0,0.75,-0.7,0.85,-1.05,0.05,-1.2,2.1,-0.45,1.6,-0.85,0.5,-0.8,0.2,-1.75,1.4,-1.1,0.2,-1.2,0.55,-2.2,0.75,-1,0,0,-0.25,-1.7,-1,-0.1,0.3,-0.1,0.75,-0.1,-0.4,0.05,0,0,0,0,0,0,-1,0.4,0,0,-0.8,0,0,0,-0.85,-0.45,0,0,0,0,0,0,-1.2,0,-0.35,-0.15,0,0,0,0,0,0,0,-0.2,0,-0.4,1.1,-0.2,0.4,0,1.05,0.1,0,0,1.6,-0.2,1.45,-0.4,0,0,1,0.05,1.15,0.05,0,0,0,0,0,0,0,0,0,0,1.6,0,0.3,0.1,0.95,-0.35,0,0,0.75,0]},{\"tweenEasing\":null,\"duration\":0,\"offset\":80,\"vertices\":[0.45,0.1,0,0,0,0,0,0,0,0,0,0,0,0,0,0,0,0,0,0,0,0,0,0,0,0,0,0,0,0,0,0,0,0,0,0,0,0,0,0,0,0,0,0,0,0,0,0,0,0,0,0,0,0,0,0,0,0,0,0,0,0,0,0,0,0,0,0,0,0,0,0,0,0,0,0,0,0,0,0,0,0,0,0,0,0,0,0]}],\"scale\":1,\"slot\":\"huotia124\",\"offset\":0,\"name\":\"nvren2222/huotia124\"}],\"ik\":[],\"name\":\"newAnimation\",\"playTimes\":0}],\"type\":\"Armature\",\"frameRate\":12,\"bone\":[{\"name\":\"root\",\"transform\":{}},{\"transform\":{\"y\":-193.2,\"x\":-17.35},\"name\":\"huotia123\",\"parent\":\"root\"},{\"transform\":{\"y\":-42.35,\"x\":-5.8},\"name\":\"huotia124\",\"parent\":\"root\"}],\"aabb\":{\"width\":203,\"y\":-254,\"height\":508,\"x\":-102},\"slot\":[{\"name\":\"huotia124\",\"parent\":\"huotia124\",\"color\":{}},{\"z\":1,\"name\":\"huotia123\",\"parent\":\"huotia123\",\"color\":{}}],\"ik\":[],\"defaultActions\":[{\"gotoAndPlay\":\"newAnimation\"}],\"name\":\"Armature\"}]}"}