{"__type__":"cc.AnimationClip","_name":"tips","_duration":0.3333333333333333,"wrapMode":"2","curveData":{"props":{"y":[{"frame":0,"value":75},{"frame":0.16666666666666666,"value":95},{"frame":0.3333333333333333,"value":75}]}}}