{"__type__":"cc.AnimationClip","_name":"arrow","_duration":0.3333333333333333,"wrapMode":"2","curveData":{"props":{"y":[{"frame":0,"value":-52},{"frame":0.16666666666666666,"value":-35},{"frame":0.3333333333333333,"value":-52}]}}}