{"__type__":"dragonBones.DragonBonesAsset","_name":"shz_ske","_dragonBonesJson":"{\"armature\":[{\"aabb\":{\"width\":207,\"y\":-196.6914893617021,\"height\":368,\"x\":-103},\"ik\":[],\"skin\":[{\"name\":\"\",\"slot\":[{\"display\":[{\"triangles\":[8,12,1,12,7,1,7,11,3,11,13,3,13,2,3,1,7,3,6,13,11,12,11,7,6,11,12,8,6,12,8,5,6,5,13,6,10,2,13,0,4,8,4,5,8,5,10,13,4,10,5,9,2,10,9,10,4,0,9,4],\"width\":118,\"type\":\"mesh\",\"vertices\":[-59,-28,59,-28,-59,28,59,28,-43.25,-10.75,-37.4,-0.55,-11.1,3.1,8.65,3.1,-22.8,-28,-59,2.4,-46.9,3.85,-3.05,3.1,2.05,-10.05,-27.2,8.95],\"transform\":{\"y\":-5.9,\"x\":17.25},\"uvs\":[0,0,1,0,0,1,1,1,0.13347,0.30804,0.18305,0.49018,0.40593,0.55536,0.57331,0.55536,0.30678,0,0,0.54286,0.10254,0.56875,0.47415,0.55536,0.51737,0.32054,0.26949,0.65982],\"path\":\"水浒传/shui2\",\"height\":56,\"name\":\"水浒传/shui2\",\"edges\":[1,3,3,2,0,8,8,1,2,9,9,0],\"userEdges\":[9,10,6,11,11,7]}],\"name\":\"shui2\"},{\"display\":[{\"path\":\"水浒传/清晰1\",\"type\":\"image\",\"name\":\"水浒传/清晰1\",\"transform\":{\"y\":-0.9,\"x\":-3.15}}],\"name\":\"清晰1\"},{\"display\":[{\"triangles\":[20,21,1,0,20,1,21,22,1,22,23,1,23,24,1,24,25,1,1,25,3,25,2,3,0,19,20,9,2,17,22,16,23,23,8,24,24,17,25,17,2,25,0,18,19,8,17,24,20,14,21,11,2,9,16,7,8,16,8,23,8,9,17,21,15,22,22,15,16,15,7,16,7,9,8,15,6,7,7,6,9,6,11,9,5,10,6,10,11,6,14,6,21,21,6,15,0,26,18,14,5,6,20,13,14,13,5,14,19,13,20,13,10,5,29,2,11,19,4,13,4,10,13,12,4,19,18,12,19,28,10,4,12,28,4,28,11,10,26,12,18,28,29,11,26,27,12,27,28,12,0,27,26,27,29,28,0,29,27],\"width\":177,\"type\":\"mesh\",\"vertices\":[-88.5,-121.5,88.5,-121.5,-88.5,121.5,88.5,121.5,-70.1,-69.5,-52.75,-58.35,-42.35,-50.65,-33.85,-37.5,-24.2,-23.25,-31.9,-21.35,-71.65,-61.4,-83.2,-57.95,-76.65,-82.65,-59.3,-70.3,-45.05,-65.65,-33.45,-53.35,-24.2,-41.4,-18.05,-13.6,-72.4,-87.25,-62.75,-82.25,-51.95,-78.4,-33.85,-61.8,-25.75,-53.35,-17.25,-39.45,-11.85,-23.25,-10.7,-9,-81.25,-93.05,-84.35,-80.7,-82.8,-73.4,-88.5,-64.9],\"transform\":{\"y\":63.9,\"x\":30.4},\"uvs\":[0,0,1,0,0,1,1,1,0.10395,0.21399,0.20198,0.25988,0.26073,0.29156,0.30876,0.34568,0.36328,0.40432,0.31977,0.41214,0.0952,0.24733,0.02994,0.26152,0.06695,0.15988,0.16497,0.2107,0.24548,0.22984,0.31102,0.28045,0.36328,0.32963,0.39802,0.44403,0.09096,0.14095,0.14548,0.16152,0.2065,0.17737,0.30876,0.24568,0.35452,0.28045,0.40254,0.33765,0.43305,0.40432,0.43955,0.46296,0.04096,0.11708,0.02345,0.1679,0.0322,0.19794,0,0.23292],\"path\":\"水浒传/身体\",\"height\":243,\"name\":\"水浒传/身体\",\"edges\":[0,1,1,3,3,2,2,29,29,0],\"userEdges\":[20,14,22,16,16,23]}],\"name\":\"身体\"},{\"display\":[{\"path\":\"水浒传/模糊1\",\"type\":\"image\",\"name\":\"水浒传/模糊1\",\"transform\":{\"y\":16.25,\"x\":-4.9}}],\"name\":\"模糊1\"},{\"display\":[{\"triangles\":[43,42,3,42,2,3,23,43,3,20,26,27,19,20,27,46,19,27,46,27,1,11,46,1,23,3,25,24,23,25,27,26,25,26,24,25,39,2,42,20,21,26,22,23,24,26,21,24,21,22,24,0,14,11,11,10,46,19,16,20,16,18,20,17,22,21,18,17,21,20,18,21,10,9,16,10,16,46,46,16,19,28,23,22,17,28,22,41,39,42,29,28,17,16,15,18,15,17,18,14,10,11,28,43,23,40,39,41,9,8,16,8,15,16,28,42,43,15,29,17,14,9,10,41,42,28,44,41,28,29,44,28,8,7,15,30,29,15,7,30,15,14,8,9,6,30,7,14,13,8,30,44,29,13,7,8,44,33,41,31,44,30,6,31,30,0,13,14,0,45,12,0,12,13,33,40,41,13,12,7,12,6,7,31,32,44,32,33,44,5,31,6,12,45,6,45,5,6,4,32,31,32,34,33,5,4,31,34,40,33,4,34,32,34,38,40,38,39,40,35,4,45,0,35,45,45,4,5,35,37,4,38,2,39,4,37,34,37,38,34,36,2,38,0,36,35,35,36,37,37,36,38],\"width\":120,\"type\":\"mesh\",\"vertices\":[-60,-85.5,60,-85.5,-60,85.5,60,85.5,-36.3,-18.7,-27.8,-26.8,-15.85,-33.75,-5.05,-42.6,4.2,-49.95,11.55,-58.05,18.1,-67.3,25.05,-85.5,-17,-44.15,-8.5,-53.4,-3.1,-66.5,10.4,-36.05,19.25,-48.4,18.1,-22.55,25.4,-33.35,30.45,-49.95,33.9,-39.15,33.5,-26.4,30.8,-12.55,23.1,2.9,43.55,-14.85,60,-15.25,43.55,-32.2,60,-36.8,11.15,-2.5,6.9,-14.85,-5.45,-17.95,-17.4,-17.15,-21.25,-5.2,-18.15,5.95,-33.95,-2.1,-49.4,-19.1,-60,-9.05,-45.15,-0.95,-40.9,11.75,-34.75,23.3,-25.5,16,-5.45,12.55,5.35,15.6,15.4,14.45,-8.15,-2.9,-29.35,-38.75,28.9,-65.75],\"transform\":{\"y\":-24.4,\"x\":2.6},\"uvs\":[0,0,1,0,0,1,1,1,0.1975,0.39064,0.26833,0.34327,0.36792,0.30263,0.45792,0.25088,0.535,0.20789,0.59625,0.16053,0.65083,0.10643,0.70875,0,0.35833,0.24181,0.42917,0.18772,0.47417,0.11111,0.58667,0.28918,0.66042,0.21696,0.65083,0.36813,0.71167,0.30497,0.75375,0.20789,0.7825,0.27105,0.77917,0.34561,0.75667,0.42661,0.6925,0.51696,0.86292,0.41316,1,0.41082,0.86292,0.3117,1,0.2848,0.59292,0.48538,0.5575,0.41316,0.45458,0.39503,0.355,0.39971,0.32292,0.46959,0.34875,0.5348,0.21708,0.48772,0.08833,0.3883,0,0.44708,0.12375,0.49444,0.15917,0.56871,0.21042,0.63626,0.2875,0.59357,0.45458,0.57339,0.54458,0.59123,0.62833,0.5845,0.43208,0.48304,0.25542,0.27339,0.74083,0.1155],\"path\":\"水浒传/头\",\"height\":171,\"name\":\"水浒传/头\",\"edges\":[3,2,0,11,11,1,25,3,1,27,27,25,2,36,36,0],\"userEdges\":[7,8,8,9,9,10,6,12,7,13,19,20,21,22,22,24,24,25,17,29,35,36,42,43,43,23]}],\"name\":\"头\"},{\"display\":[{\"path\":\"水浒传/斧头\",\"type\":\"image\",\"name\":\"水浒传/斧头\",\"transform\":{\"y\":49.55,\"x\":-33.05}}],\"name\":\"斧头\"},{\"display\":[{\"path\":\"水浒传/模糊3\",\"type\":\"image\",\"name\":\"水浒传/模糊3\",\"transform\":{\"y\":13.95,\"x\":-3.7}}],\"name\":\"模糊3\"},{\"display\":[{\"path\":\"水浒传/老虎机\",\"type\":\"image\",\"name\":\"水浒传/老虎机\",\"transform\":{\"y\":34.1,\"x\":-86.65}}],\"name\":\"老虎机\"},{\"display\":[{\"triangles\":[6,17,1,17,16,1,14,2,3,1,16,3,16,14,3,15,2,14,6,7,17,17,13,16,13,14,16,7,13,17,13,15,14,7,18,13,18,15,13,11,2,12,18,12,15,12,2,15,4,18,7,6,5,7,5,4,7,4,12,18,8,4,5,0,8,5,4,11,12,10,2,11,9,11,4,8,9,4,9,10,11,0,9,8],\"width\":89,\"type\":\"mesh\",\"vertices\":[-44.5,-33.5,44.5,-33.5,-44.5,33.5,44.5,33.5,-24.75,-16.35,-14.5,-33.5,-10.1,-33.5,-6.45,-20.75,-34.25,-22.2,-44.5,-12.7,-44.5,-3.95,-30.6,-1.75,-20.35,-1,5.25,-1.75,12.55,9.25,-5.75,6.3,19.1,-2.45,13.25,-13.45,-10.1,-3.2],\"transform\":{\"skY\":90,\"y\":-7.9,\"skX\":90,\"x\":-0.65},\"uvs\":[0,0,1,0,0,1,1,1,0.22191,0.25597,0.33708,0,0.38652,0,0.42753,0.1903,0.11517,0.16866,0,0.31045,0,0.44104,0.15618,0.47388,0.27135,0.48507,0.55899,0.47388,0.64101,0.63806,0.43539,0.59403,0.71461,0.46343,0.64888,0.29925,0.38652,0.45224],\"path\":\"水浒传/shui3\",\"height\":67,\"name\":\"水浒传/shui3\",\"edges\":[1,3,3,2,0,5,5,6,6,1,9,0,2,10,10,9],\"userEdges\":[10,11,13,14,14,16]}],\"name\":\"shui3\"},{\"display\":[{\"path\":\"水浒传/清晰3\",\"type\":\"image\",\"name\":\"水浒传/清晰3\",\"transform\":{\"y\":3.1,\"x\":1.95}}],\"name\":\"清晰3\"},{\"display\":[{\"path\":\"水浒传/清晰2\",\"type\":\"image\",\"name\":\"水浒传/清晰2\",\"transform\":{\"y\":4.6,\"x\":1.9}}],\"name\":\"清晰2\"},{\"display\":[{\"triangles\":[7,8,1,6,7,1,8,9,3,9,2,3,1,8,3,7,9,8,4,9,7,6,4,7,5,2,4,4,2,9,10,4,6,0,10,6,10,5,4],\"width\":74,\"type\":\"mesh\",\"vertices\":[-37,-27,37,-27,-37,27,37,27,-17.05,-8.05,-37,-2.9,-8.25,-27,9.3,-12.45,18.8,-5.1,-1.7,0,-37,-18.25],\"transform\":{\"y\":7.45,\"x\":-4.75},\"uvs\":[0,0,1,0,0,1,1,1,0.26959,0.35093,0,0.4463,0.38851,0,0.62568,0.26944,0.75405,0.40556,0.47703,0.5,0,0.16204],\"path\":\"水浒传/shui1\",\"height\":54,\"name\":\"水浒传/shui1\",\"edges\":[1,3,3,2,2,5,0,6,6,1,5,10,10,0],\"userEdges\":[7,8]}],\"name\":\"shui1\"},{\"display\":[{\"path\":\"水浒传/手臂\",\"type\":\"image\",\"name\":\"水浒传/手臂\",\"transform\":{\"y\":-18.45,\"x\":18.2}}],\"name\":\"手臂\"},{\"display\":[{\"path\":\"水浒传/模糊2\",\"type\":\"image\",\"name\":\"水浒传/模糊2\",\"transform\":{\"y\":16.6,\"x\":-9.5}}],\"name\":\"模糊2\"},{\"display\":[{\"path\":\"水浒传/斧头_0\",\"type\":\"image\",\"name\":\"水浒传/斧头_0\",\"transform\":{\"y\":30.75,\"x\":3.85}}],\"name\":\"斧头_0\"}]}],\"type\":\"Armature\",\"frameRate\":6,\"animation\":[{\"bone\":[{\"frame\":[{\"duration\":12,\"transform\":{}}],\"name\":\"root\"},{\"frame\":[{\"tweenEasing\":0,\"duration\":6,\"transform\":{}},{\"tweenEasing\":0,\"duration\":6,\"transform\":{\"skY\":6.211,\"skX\":6.211}},{\"duration\":0,\"transform\":{}}],\"name\":\"斧头_0\"},{\"frame\":[{\"tweenEasing\":0,\"duration\":6,\"transform\":{}},{\"tweenEasing\":0,\"duration\":6,