{"__type__":"dragonBones.DragonBonesAsset","_name":"ddz_ske","_dragonBonesJson":"{\"armature\":[{\"aabb\":{\"width\":330.9547839850308,\"y\":-179.5420168067227,\"height\":361.11952015957496,\"x\":-168.59},\"ik\":[],\"skin\":[{\"name\":\"\",\"slot\":[{\"display\":[{\"path\":\"斗地主/火花\",\"type\":\"image\",\"name\":\"斗地主/火花\",\"transform\":{\"y\":-2.3251,\"x\":2.2661}}],\"name\":\"火花\"},{\"display\":[{\"triangles\":[9,12,15,15,12,30,16,15,30,48,49,1,0,48,1,49,17,1,17,16,1,30,28,1,16,30,1,29,41,3,41,2,3,28,29,3,1,28,3,42,2,41,36,40,31,12,36,31,12,31,30,30,31,28,31,29,28,13,36,12,47,9,15,49,50,17,17,15,16,31,40,29,47,15,17,50,47,17,40,41,29,13,14,36,43,9,45,50,45,47,45,9,47,43,51,9,36,35,40,35,41,40,51,8,9,50,49,45,49,43,45,14,37,36,10,12,9,8,10,9,38,2,42,44,43,49,48,44,49,10,13,12,0,46,48,35,42,41,11,13,10,44,51,43,32,2,38,11,14,13,34,35,36,37,34,36,8,11,10,44,46,51,46,4,51,4,8,51,34,42,35,6,14,11,4,7,8,7,11,8,33,37,14,7,6,11,48,46,44,6,33,14,5,4,46,4,6,7,5,33,6,5,6,4,24,5,46,0,24,46,34,38,42,39,34,37,23,33,5,24,23,5,33,39,37,23,22,33,39,38,34,22,27,33,21,39,33,27,21,33,39,32,38,26,2,32,21,32,39,0,19,24,25,2,26,21,26,32,22,20,27,26,21,27,20,26,27,19,2,25,23,20,22,23,18,20,20,25,26,18,25,20,24,18,23,19,18,24,18,19,25,0,2,19],\"width\":198,\"type\":\"mesh\",\"vertices\":[-99,-134.5,99,-134.5,-99,134.5,99,134.5,-6.35,-69.5,-11.4,-66.15,-6.7,-61.1,-1.3,-65.8,7.45,-70.5,21.9,-66.8,12.15,-63.1,4.75,-62.45,19.55,-58.75,13.15,-54.7,3.05,-49,51.8,-96.75,59.9,-105.15,58.85,-112.2,-83.7,-33.5,-93.45,-42.25,-70.9,-26.1,-60.85,-12.65,-64.85,-28.8,-71.25,-37.55,-78,-42.6,-79,-21.4,-69.6,-12.65,-61.85,-23.1,74,34.05,56.85,38.45,71,6.15,51.5,12.2,-45.35,10.85,-29.9,-25.8,-18.8,5.85,9.1,10.2,12.15,-8.65,-16.45,-18.05,-30.9,14.55,-33.25,-2.9,32.3,10.2,13.8,27.7,-8.4,25.35,14.5,-93.05,5.4,-94.7,26.95,-96.4,-4.35,-98.1,36.35,-96.4,2.05,-104.8,19.85,-105.8,27.95,-103.1,9.1,-89.65],\"transform\":{\"y\":29.1125,\"x\":-16.4875},\"uvs\":[0,0,1,0,0,1,1,1,0.46793,0.24164,0.44242,0.25409,0.46616,0.27286,0.49343,0.25539,0.53763,0.23792,0.61061,0.25167,0.56136,0.26543,0.52399,0.26784,0.59874,0.2816,0.56641,0.29665,0.5154,0.31784,0.76162,0.14033,0.80253,0.10911,0.79722,0.0829,0.07727,0.37546,0.02803,0.34294,0.14192,0.40297,0.19268,0.45297,0.17247,0.39294,0.14015,0.36041,0.10606,0.34164,0.10101,0.42045,0.14848,0.45297,0.18763,0.41413,0.87374,0.62658,0.78712,0.64294,0.85859,0.52286,0.7601,0.54535,0.27096,0.54033,0.34899,0.40409,0.40505,0.52175,0.54596,0.53792,0.56136,0.46784,0.41692,0.4329,0.34394,0.55409,0.33207,0.48922,0.66313,0.53792,0.5697,0.60297,0.45758,0.59424,0.57323,0.15409,0.52727,0.14796,0.63611,0.14164,0.47803,0.13532,0.68359,0.14164,0.51035,0.11041,0.60025,0.10669,0.64116,0.11673,0.54596,0.16673],\"path\":\"斗地主/人物\",\"height\":269,\"name\":\"斗地主/人物\",\"edges\":[0,1,1,3,3,2,2,0],\"userEdges\":[]}],\"name\":\"人物\"},{\"display\":[{\"path\":\"斗地主/车\",\"type\":\"image\",\"name\":\"斗地主/车\",\"transform\":{\"skY\":0.0214,\"y\":14.3695,\"scX\":0.7,\"scY\":0.7,\"skX\":0.0214,\"x\":-35.39}}],\"name\":\"车\"},{\"display\":[{\"path\":\"斗地主/炸弹\",\"type\":\"image\",\"name\":\"斗地主/炸弹\",\"transform\":{\"y\":-5.95,\"x\":-3.1}}],\"name\":\"炸弹\"},{\"display\":[{\"path\":\"斗地主/牌2\",\"type\":\"image\",\"name\":\"斗地主/牌2\",\"transform\":{\"y\":6.15,\"x\":-3.85}}],\"name\":\"牌2\"},{\"display\":[{\"path\":\"斗地主/火花2\",\"type\":\"image\",\"name\":\"斗地主/火花2\",\"transform\":{\"y\":-2.2473,\"x\":-0.6352}}],\"name\":\"火花2\"},{\"display\":[{\"path\":\"斗地主/牌1\",\"type\":\"image\",\"name\":\"斗地主/牌1\",\"transform\":{\"y\":8.8,\"x\":10}}],\"name\":\"牌1\"}]}],\"type\":\"Armature\",\"frameRate\":12,\"animation\":[{\"bone\":[{\"frame\":[{\"duration\":40,\"transform\":{}}],\"name\":\"root\"},{\"frame\":[{\"duration\":40,\"transform\":{}}],\"name\":\"人物\"},{\"frame\":[{\"tweenEasing\":0,\"duration\":20,\"transform\":{}},{\"tweenEasing\":0,\"duration\":20,\"transform\":{\"y\":-7.0663,\"x\":8.3912}},{\"duration\":0,\"transform\":{}}],\"name\":\"牌2\"},{\"frame\":[{\"tweenEasing\":0,\"duration\":20,\"transform\":{\"y\":6.8292,\"x\":1.3184}},{\"tweenEasing\":0,\"duration\":20,\"transform\":{\"y\":-6.3136,\"x\":-4.146}},{\"duration\":0,\"transform\":{\"y\":6.8292,\"x\":1.3184}}],\"name\":\"牌1\"},{\"frame\":[{\"tweenEasing\":0,\"duration\":10,\"transform\":{\"scX\":0.9,\"scY\":0.9}},{\"tweenEasing\":0,\"duration\":10,\"transform\":{}},{\"tweenEasing\":0,\"duration\":10,\"transform\":{\"scX\":0.9,\"scY\":0.9}},{\"tweenEasing\":0,\"duration\":10,\"transform\":{}},{\"duration\":0,\"transform\":{\"scX\":0.9,\"scY\":0.9}}],\"name\":\"火花\"},{\"frame\":[{\"duration\":40,\"transform\":{}}],\"name\":\"车\"},{\"frame\":[{\"tweenEasing\":0,\"duration\":10,\"transform\":{\"y\":-83.1793,\"scX\":1.1,\"scY\":1.1,\"x\":-201.6637}},{\"tweenEasing\":0,\"duration\":10,\"transform\":{\"y\":-83.1793,\"x\":-201.6637}},{\"tweenEasing\":0,\"duration\":10,\"transform\":{\"y\":-83.1793,\"scX\":1.1,\"scY\":1.1,\"x\":-201.6637}},{\"tweenEasing\":0,\"duration\":10,\"transform\":{\"y\":-83.1793,\"x\":-201.6637}},{\"duration\":0,\"transform\":{\"y\":-83.1793,\"scX\":1.1,\"scY\":1.1,\"x\":-201.6637}}],\"name\":\"火花2\"},{\"frame\":[{\"tweenEasing\":0,\"duration\":20,\"transform\":{}},{\"tweenEasing\":0,\"duration\":20,\"transform\":{\"y\":-2.2137}},{\"duration\":0,\"transform\":{}}],\"name\":\"炸弹\"},{\"frame\":[{\"duration\":40,\"transform\":{}}],\"name\":\"斗地主\"}],\"ffd\":[{\"frame\":[{\"tweenEasing\":0,\"offset\":74,\"duration\":20,\"vertices\":[-0.35,-0.35,0,0,0,0,0,0,0,0,0,0,0,0,0,0,0,0,0,0,0,0,0,0,0,0,0,0,0,0]},{\"tweenEasing\":0,\"offset\":8,\"duration\":20,\"vertices\":[-0.1,-0.9,0,0,0,0,-0.6,0.85,0.35,-0.65,1.05,-0.1,0.2,1.2,0,0,0,0,-0.2,0.75,0,0.8,1.45,0.15,1.05,0.15,0.65,-1.45,-0.35,0,-0.6,0,-1,0,0,0,-0.55,0,-0.3,-0.35,-0.7,-0.35,0,0.35,0,-0.3,-1.15,0,1.45,0.45,1.1,-0.7,0.05,0.6,1.9,-0.65,-0.35,0,-0.9,-0.35,-1.2,0.2,3.8,3.4,3,-0.2,-2.3,-0.5,-1.35,0,-2,-0.35,1,0.45,-0.9,-0.25,-0.35,1.35,-0.9,0.45,0.95,0.9,0.2,-0.55,-0.15,-0.6,0.6,-0.1,0,0,0,0,0,0,0,0]},{\"tweenEasing\":null,\"offset\":74,\"duration\":0,\"vertices\":[-0.35,-0.35,0,0,0,0,0,0,0,0,0,0,0,0,0,0,0,0,0,0,0,0,0,0,0,0,0,0,0,0]}],\"skin\":\"\",\"scale\":1,\"slot\":\"人物\",\"offset\":0,\"name\":\"斗地主/人物\"}],\"duration\":40,\"playTimes\":0,\"frame\":[],\"slot\":[{\"frame\":[{\"tweenEasing\":0,\"duration\":10},{\"tweenEasing\":0,\"duration\":10,\"color\":{\"aM\":0}},{\"tweenEasing\":0,\"duration\":10},{\"tweenEasing\":0,\"duration\":10,\"color\":{\"aM\":0}},{\"tweenEasing\":null,\"duration\":0}],\"name\":\"火花2\"},{\"frame\":[{\"tweenEasing\":0,\"duration\":10,\"color\":{\"aM\":0}},{\"tweenEasing\":0,\"duration\":10},{\"tweenEasing\":0,\"duration\":10,\"color\":{\"aM\":0}},{\"tweenEasing\":0,\"duration\":10},{\"tweenEasing\":null,\"duration\":0,\"color\":{\"aM\":0}}],\"name\":\"火花\"}],\"ik\":[],\"name\":\"newAnimation\"}],\"bone\":[{\"name\":\"root\",\"transform\":{\"y\":19.958}},{\"transform\":{\"y\":-21.35,\"x\":23.3},\"name\":\"人物\",\"parent\":\"root\"},{\"transform\":{\"y\":-165.65,\"x\":54.35},\"name\":\"牌2\",\"parent\":\"root\"},{\"transform\":{\"y\":-159.8,\"x\":-22},\"name\":\"牌1\",\"parent\":\"root\"},{\"transform\":{\"y\":-146.85,\"x\":-55.65},\"name\":\"火花\",\"parent\":\"root\"},{\"transform\":{\"y\":84.75,\"x\":-16.2},\"name\":\"车\",\"parent\":\"root\"},{\"transform\":{\"y\":-60.85,\"x\":147.5},\"name\":\"火花2\",\"parent\":\"root\"},{\"transform\":{\"y\":-102.0243,\"x\":-64.3154},\"name\":\"炸弹\",\"parent\":\"root\"},{\"transform\":{\"skY\":-0.0048,\"y\":148.8,\"skX\":-0.0048,\"x\":28.45},\"name\":\"斗地主\",\"parent\":\"root\"}],\"defaultActions\":[{\"gotoAndPlay\":\"newAnimation\"}],\"slot\":[{\"name\":\"车\",\"parent\":\"车\",\"color\":{}},{\"z\":1,\"name\":\"牌2\",\"parent\":\"牌2\",\"color\":{}},{\"z\":2,\"name\":\"牌1\",\"parent\":\"牌1\",\"color\":{}},{\"z\":3,\"name\":\"人物\",\"parent\":\"人物\",\"color\":{}},{\"z\":4,\"name\":\"炸弹\",\"parent\":\"炸弹\",\"color\":{}},{\"z\":5,\"name\":\"火花2\",\"parent\":\"火花2\",\"color\":{}},{\"z\":6,\"name\":\"火花\",\"parent\":\"火花\",\"color\":{}}],