{"__type__":"dragonBones.DragonBonesAsset","_name":"buyu_ske","_dragonBonesJson":"{\"armature\":[{\"aabb\":{\"width\":207,\"y\":-204.10410954660222,\"height\":377.2831218922812,\"x\":-105},\"ik\":[],\"skin\":[{\"name\":\"\",\"slot\":[{\"display\":[{\"triangles\":[0,6,1,6,7,1,7,8,1,8,9,1,9,10,1,10,33,1,33,25,3,25,2,3,1,33,3,26,2,25,32,24,33,24,25,33,23,32,33,21,23,33,10,21,33,27,2,26,0,5,6,11,12,21,31,24,32,23,31,32,9,11,10,11,21,10,8,11,9,22,31,23,21,22,23,30,25,24,12,22,21,30,24,31,22,30,31,12,13,22,7,11,8,4,16,15,4,15,13,13,15,22,29,25,30,20,29,30,22,20,30,7,14,11,14,12,11,15,20,22,6,14,7,29,26,25,17,16,4,14,13,12,5,14,6,5,13,14,0,4,5,15,18,20,18,29,20,5,4,13,28,26,29,18,28,29,16,18,15,0,17,4,28,27,26,19,28,18,19,18,16,17,19,16,19,2,27,19,27,28,0,2,17,17,2,19],\"width\":203,\"type\":\"mesh\",\"vertices\":[-101.5,-110.5,101.5,-110.5,-101.5,110.5,101.5,110.5,-55.3,-96.1,-49.75,-100.4,-38.45,-105.25,-31,-104.05,-21.9,-99.95,-14.4,-96.35,-10.8,-91.3,-28.85,-96.35,-37.5,-93.2,-44.7,-95.15,-39.2,-100.2,-46.85,-39.85,-59.85,-38.6,-77.8,-39.4,-59,-29.4,-74.9,-28.15,-42.7,-31.9,-20.95,-56.15,-31.85,-46.1,-16.35,-43.6,-21.4,-28.15,-36,-13.9,-55.25,-8.9,-68.2,-10.15,-65.7,-19.35,-46.85,-20.2,-30.55,-29.8,-18.05,-36.9,-10.1,-36.05,-2.55,-34.8],\"transform\":{\"y\":15.05,\"x\":12.9},\"uvs\":[0,0,1,0,0,1,1,1,0.22759,0.06516,0.25493,0.0457,0.31059,0.02376,0.34729,0.02919,0.39212,0.04774,0.42906,0.06403,0.4468,0.08688,0.35788,0.06403,0.31527,0.07828,0.2798,0.06946,0.3069,0.04661,0.26921,0.31968,0.20517,0.32534,0.11675,0.32172,0.20936,0.36697,0.13103,0.37262,0.28966,0.35566,0.3968,0.24593,0.3431,0.2914,0.41946,0.30271,0.39458,0.37262,0.32266,0.4371,0.22783,0.45973,0.16404,0.45407,0.17635,0.41244,0.26921,0.4086,0.34951,0.36516,0.41108,0.33303,0.45025,0.33688,0.48744,0.34253],\"path\":\"捕鱼/大鲨鱼\",\"height\":221,\"name\":\"捕鱼/大鲨鱼\",\"edges\":[0,1,1,3,3,2,2,0],\"userEdges\":[]}],\"name\":\"大鲨鱼\"},{\"display\":[{\"triangles\":[21,20,25,6,5,7,27,26,8,26,25,8,18,7,8,19,18,8,25,20,8,20,19,8,24,28,1,0,24,1,27,8,1,28,27,1,4,9,3,9,2,3,7,5,3,5,4,3,8,7,3,9,4,5,17,6,7,18,17,7,26,22,25,11,10,6,6,10,5,24,27,28,17,11,6,10,9,5,23,26,27,24,23,27,23,22,26,22,21,25,18,12,17,10,2,9,19,13,18,13,12,18,12,11,17,11,2,10,0,23,24,12,2,11,14,13,19,16,22,23,0,16,23,14,19,20,21,14,20,15,14,21,15,21,22,16,15,22,13,2,12,15,2,14,14,2,13,16,2,15,0,2,16],\"width\":67,\"type\":\"mesh\",\"vertices\":[-33.5,-65.5,33.5,-65.5,-33.5,65.5,33.5,65.5,26.35,43.7,26.35,33.65,27.25,24.25,29.6,16.55,33.5,3.85,20.75,40.75,17.5,33.95,14.55,27.2,6.9,16.55,0.7,8.3,-5.8,0.3,-12.6,-7.65,-26.5,-20.05,18.1,19.2,18.1,7.4,16.6,0.9,16.05,-7.35,14.25,-15.6,14.25,-26.25,15.75,-41,16.6,-47.2,23.7,-23.6,24.6,-37.45,25.75,-43.35,27.85,-53.1],\"transform\":{\"y\":-8.3,\"x\":10.2},\"uvs\":[0,0,1,0,0,1,1,1,0.89328,0.83359,0.89328,0.75687,0.90672,0.68511,0.94179,0.62634,1,0.52939,0.8097,0.81107,0.76119,0.75916,0.71716,0.70763,0.60299,0.62634,0.51045,0.56336,0.41343,0.50229,0.31194,0.4416,0.10448,0.34695,0.77015,0.64656,0.77015,0.55649,0.74776,0.50687,0.73955,0.44389,0.71269,0.38092,0.71269,0.29962,0.73507,0.18702,0.74776,0.13969,0.85373,0.31985,0.86716,0.21412,0.88433,0.16908,0.91567,0.09466],\"path\":\"捕鱼/海草2\",\"height\":131,\"name\":\"捕鱼/海草2\",\"edges\":[0,1,3,2,2,0,1,8,8,3],\"userEdges\":[4,9,18,19,23,24,25,26]}],\"name\":\"海草2\"},{\"display\":[{\"path\":\"捕鱼/金币1\",\"type\":\"image\",\"name\":\"捕鱼/金币1\",\"transform\":{\"y\":2.15,\"x\":7.75}}],\"name\":\"金币1\"},{\"display\":[{\"path\":\"捕鱼/金币2\",\"type\":\"image\",\"name\":\"捕鱼/金币2\",\"transform\":{\"y\":-0.7,\"x\":4.15}}],\"name\":\"金币2\"},{\"display\":[{\"triangles\":[0,12,1,7,2,3,12,10,3,10,7,3,1,12,3,0,4,9,6,2,7,8,7,10,9,10,12,0,9,12,9,8,10,9,5,8,5,6,8,6,7,8,4,5,9,5,11,6,11,2,6,11,5,4,0,11,4,0,2,11],\"width\":105,\"type\":\"mesh\",\"vertices\":[-52.5,-48.5,52.5,-48.5,-52.5,48.5,52.5,48.5,-21.21,-10.8,-24.16,-0.8,-16.61,12.15,-6.61,12.6,-4.11,-3.7,-11.21,-10.8,7.59,-10.4,-35.86,0.05,16.39,-16.65],\"transform\":{\"y\":-8.25,\"x\":-1.05},\"uvs\":[0,0,1,0,0,1,1,1,0.29803,0.3887,0.26993,0.49179,0.34184,0.62529,0.43708,0.62993,0.46089,0.46189,0.39327,0.3887,0.57231,0.39282,0.1585,0.50055,0.65612,0.32839],\"path\":\"捕鱼/河豚\",\"height\":97,\"name\":\"捕鱼/河豚\",\"edges\":[0,1,1,3,3,2,2,0],\"userEdges\":[4,5,6,7]}],\"name\":\"河豚\"},{\"display\":[{\"triangles\":[12,11,8,11,16,9,8,11,9,15,9,10,9,16,10,15,10,1,0,15,1,21,20,3,20,2,3,17,18,3,18,21,3,16,17,3,1,10,3,10,16,3,15,8,9,15,14,8,13,7,8,7,12,8,11,6,16,6,17,16,14,13,8,6,5,17,12,6,11,7,6,12,5,18,17,4,21,18,13,6,7,14,29,13,29,6,13,0,14,15,29,28,6,5,4,18,0,29,14,5,19,4,4,19,21,19,20,21,25,5,6,28,25,6,28,27,25,23,22,19,19,22,20,26,24,5,25,26,5,23,19,5,24,23,5,22,2,20,23,2,22,24,2,23,26,2,24,25,27,26,27,2,26,28,2,27,29,2,28,0,2,29],\"width\":130,\"type\":\"mesh\",\"vertices\":[-65,-83,65,-83,-65,83,65,83,-6.95,49.2,-15.45,21.05,-3,-12.9,12.65,-33.8,30.95,-56.05,52.55,-69.75,61.7,-78.1,26.5,-10.55,22.15,-20.35,5.4,-52.4,4.25,-68.25,4.85,-74.3,32.25,6.5,19.3,29.6,1.1,44.9,-15.65,49.8,-16.5,69.1,-4.4,65.95,-28.35,54.1,-40.45,31.3,-41.9,26.1,-47.4,5.35,-44.2,18.05,-57.8,-7.05,-59.8,-20.95,-61.85,-40],\"transform\":{\"y\":47.9,\"x\":-21.15},\"uvs\":[0,0,1,0,0,1,1,1,0.44654,0.79639,0.38115,0.62681,0.47692,0.42229,0.59731,0.29639,0.73808,0.16235,0.90423,0.07982,0.97462,0.02952,0.70385,0.43645,0.67038,0.37741,0.54154,0.18434,0.53269,0.08886,0.53731,0.05241,0.74808,0.53916,0.64846,0.67831,0.50846,0.77048,0.37962,0.8,0.37308,0.91627,0.46615,0.89729,0.28192,0.8259,0.18885,0.68855,0.17769,0.65723,0.13538,0.53223,0.16,0.60873,0.05538,0.45753,0.04,0.3738,0.02423,0.25904],\"path\":\"捕鱼/海草1\",\"height\":166,\"name\":\"捕鱼/海草1\",\"edges\":[0,1,3,2,2,0,1,3],\"userEdges\":[23,24]}],\"name\":\"海草1\"},{\"display\":[{\"path\":\"捕鱼/宝石\",\"type\":\"image\",\"name\":\"捕鱼/宝石\",\"transform\":{\"y\":10.6796,\"x\":41.3117}}],\"name\":\"宝石\"}]}],\"type\":\"Armature\",\"frameRate\":12,\"animation\":[{\"bone\":[{\"frame\":[{\"duration\":40,\"transform\":{}}],\"name\":\"root\"},{\"frame\":[{\"tweenEasing\":0,\"duration\":20,\"transform\":{}},{\"tweenEasing\":0,\"duration\":20,\"transform\":{\"y\":2.5316}},{\"duration\":0,\"transform\":{}}],\"name\":\"河豚\"},{\"frame\":[{\"tweenEasing\":0,\"duration\":20,\"transform\":{}},{\"tweenEasing\":0,\"duration\":20,\"transform\":{\"skY\":-2.5707,\"y\":-14.3142,\"skX\":-2.5707}},{\"duration\":0,\"transform\":{}}],\"name\":\"大鲨鱼\"},{\"frame\":[{\"tweenEasing\":0,\"duration\":20,\"transform\":{}},{\"tweenEasing\":0,\"duration\":20,\"transform\":{\"y\":-6.8362,\"x\":1.5191}},{\"duration\":0,\"transform\":{}}],\"name\":\"金币2\"},{\"frame\":[{\"tweenEasing\":0,\"duration\":20,\"transform\":{}},{\"tweenEasing\":0,\"duration\":20,\"transform\":{\"y\":5.1468,\"x\":-0.0843}},{\"duration\":0,\"transform\":{}}],\"name\":\"金币1\"},{\"frame\":[{\"duration\":40,\"transform\":{}}],\"name\":\"宝石1\"},{\"frame\":[{\"duration\":40,\"transform\":{}}],\"name\":\"捕_鱼\"},{\"frame\":[{\"duration\":40,\"transform\":{}}],\"name\":\"海草1\"},{\"frame\":[{\"duration\":40,\"transform\":{}}],\"name\":\"海草2\"}],\"ffd\":[{\"frame\":[{\"tweenEasing\":0,\"offset\":28,\"duration\":20,\"vertices\":[1,0.2,0,0,0,0,0,0,0,0,0,0,0,0,0,0,0,0,0,0,0,0,0,0,0,0,0,0,0,0]},{\"tweenEasing\":0,\"offset\":10,\"duration\":20,\"vertices\":[3.9,-0.4,2.55,-0.1,0.7,-0.3,0,0,2.3,1.4,0,0,0.55,-0.8,-1.95,1.5,0.8,-0.4,1,0.2,1,-0.9,2.55,-0.95,0,0,0,0,0,0,0,0,-1.9,0.2,-2.45,-0.5,-2.1,-0.7,0.2,-3.1,1.85,0.9,3.25,1.65,2,0.2,0,0]},{\"tweenEasing\":null,\"offset\":28,\"duration\":0,\"vertices\":[1,0.2,0,0,0,0,0,0,0,0,0,0,0,0,0,0,0,0,0,0,0,0,0,0,0,0,0,0,0,0]}],\"skin\":\"\",\"scale\":1,\"slot\":\"海草2\",\"offset\":0,\"name\":\"捕鱼/海草2\"},{\"frame\":[{\"tweenEasing\":0,\"offset\":22,\"duration\":20,\"vertices\":[0.05,-0.55,0,0,0,0,0,0,0,0,0,0,0,0,0,0,0,0,0,0,0,0,0,0,0,0,0,0,0,0,0,0,0,0,0,0,0,0,0,0,0,0,0,0,0,0]},{\"tweenEasing\":0,\"offset\":8,\"duration\":20,\"vertices\":[0.1,-0.7,-1.2,-1.1,-0.3,-1.6,0.2,-1.75,-0.3,-1.3,0.65,-1.05,0,0,0.05,-1.3,0,0,-0.05,-0.7,-0.05,-1.1,-0.45,-1.65,-0.6,-1.15,-0.8,-0.25,0.1,